doc_id,field,pre_collection_value,current_value,change_reason
DOC-002,review_note,"18-page undergraduate enrollment text reviewed. Paired with the approving resolution on the SUM page; the annex itself does not print the resolution number, so version remains UNKNOWN.","18-page undergraduate enrollment text reviewed. Paired with the approving resolution on the SUM page; the annex itself does not print the resolution number, so version remains UNKNOWN. Local source file acquired, PDF signature validated, SHA-256 recorded, and page-labelled extraction written; see sources/source_manifest.csv. Local source file acquired, PDF signature validated, SHA-256 recorded, and page-labelled extraction written; see sources/source_manifest.csv. Local source file acquired, PDF signature validated, SHA-256 recorded, and page-labelled extraction written; see sources/source_manifest.csv.","Updated with acquired source, extraction outcome, and page-level evidence."
DOC-002,relationship_evidence,18-page enrollment text paired with resolution on SUM page; no embedded resolution identifier or byte comparison.,"18-page enrollment text paired with resolution on SUM page; no embedded resolution identifier or byte comparison.VRAP combined PDF DOC-079 pages 3–20 has normalized extracted text identical to this 18-page annex (1.00000); source URLs retained, whole-file hashes differ.VRAP combined PDF DOC-079 pages 3–20 has normalized extracted text identical to this 18-page annex (1.00000); source URLs retained, whole-file hashes differ.VRAP combined PDF DOC-079 pages 3–20 has normalized extracted text identical to this 18-page annex (1.00000); source URLs retained, whole-file hashes differ.",Updated with extracted-text comparison or source-document evidence.
DOC-002,file_identity,NOT_COMPARED,SHA256:efd3c43c2c181b567c4719a099751970f49d1b6bf94d6281ec9033beb4e7286f,Replaced NOT_COMPARED with byte-level SHA-256 after acquisition.
DOC-002,local_file_path,,sources/originals/Reglamento-Matricula-Pregrado-2026.pdf,Downloaded and validated source file; local path recorded in manifest.
DOC-002,sha256,NOT_AVAILABLE_NO_LOCAL_FILE,efd3c43c2c181b567c4719a099751970f49d1b6bf94d6281ec9033beb4e7286f,Computed SHA-256 from acquired original bytes; value is reproducible from the local file.
DOC-002,duplicate_group,UNKNOWN_NO_LOCAL_BYTES,NO_BYTE_IDENTICAL_FILE_IN_ACQUIRED_SET,Updated from unknown/no local bytes to hash comparison over acquired files.
DOC-002,text_comparison,NOT_POSSIBLE_NO_LOCAL_EXTRACTED_TEXT,NORMALIZED_TEXT_IDENTICAL_TO_DOC-079_PP3-20 (1.00000); whole-file hashes differ,Updated after page-labelled extraction and comparison; see extracted comparison notes.
DOC-002,extraction_quality,PRIOR_CONTENT_REVIEW_NO_LOCAL_EXTRACT,TEXT_EXTRACTED_PAGE_LABELS; VISUAL_QA_REQUIRED,"Updated after validating PDF signature, extracting pages, and detecting scan-only pages."
DOC-002,manual_verification_required,Verify extracted text/pages against the source PDF before ingestion.,"MuPDF warning: warning: ICC support is not available; Course/policy table terms detected; verify layout, footnotes, and row associations against rendered pages.",Updated with page/table/OCR verification needs found during extraction.
DOC-002,verified_source_urls,https://sum.unmsm.edu.pe/assets/ReglamentoCompleto/reglamento2026.pdf | https://sum.unmsm.edu.pe/reglamentomat.htm,https://sum.unmsm.edu.pe/assets/ReglamentoCompleto/reglamento2026.pdf | https://sum.unmsm.edu.pe/reglamentomat.htm | https://viceacademico.unmsm.edu.pe/wp-content/uploads/2026/02/Reglamento-General-de-Matr%C3%ADcula.pdf,Updated to retain all verified source URLs for matching components.
DOC-005,review_note,Resolution approves an 18-page undergraduate enrollment regulation; operative clauses 1–2 specify commencement and disapply conflicting provisions. No exhaustive search for later amendments.,"Resolution approves an 18-page undergraduate enrollment regulation; operative clauses 1–2 specify commencement and disapply conflicting provisions. No exhaustive search for later amendments. Local source file acquired, PDF signature validated, SHA-256 recorded, and page-labelled extraction written; see sources/source_manifest.csv. Local source file acquired, PDF signature validated, SHA-256 recorded, and page-labelled extraction written; see sources/source_manifest.csv. Local source file acquired, PDF signature validated, SHA-256 recorded, and page-labelled extraction written; see sources/source_manifest.csv.","Updated with acquired source, extraction outcome, and page-level evidence."
DOC-005,relationship_evidence,SUM resolution reviewed: approves 18-page annex; disapplies conflicting provisions. Other mirror content not compared.,"SUM resolution reviewed: approves 18-page annex; disapplies conflicting provisions. Other mirror content not compared.VRAP combined PDF DOC-079 pages 1–2 has normalized extracted text identical to this resolution (1.00000); source URLs retained, whole-file hashes differ.VRAP combined PDF DOC-079 pages 1–2 has normalized extracted text identical to this resolution (1.00000); source URLs retained, whole-file hashes differ.VRAP combined PDF DOC-079 pages 1–2 has normalized extracted text identical to this resolution (1.00000); source URLs retained, whole-file hashes differ.",Updated with extracted-text comparison or source-document evidence.
DOC-005,file_identity,NOT_COMPARED,SHA256:0473bfedd7e857eeccae79bc60da5893e803c77ea4b5ec699bfef8bd06e638c0,Replaced NOT_COMPARED with byte-level SHA-256 after acquisition.
DOC-005,local_file_path,,sources/originals/RR-002642-2026-R.pdf,Downloaded and validated source file; local path recorded in manifest.
DOC-005,sha256,NOT_AVAILABLE_NO_LOCAL_FILE,0473bfedd7e857eeccae79bc60da5893e803c77ea4b5ec699bfef8bd06e638c0,Computed SHA-256 from acquired original bytes; value is reproducible from the local file.
DOC-005,duplicate_group,UNKNOWN_NO_LOCAL_BYTES,NO_BYTE_IDENTICAL_FILE_IN_ACQUIRED_SET,Updated from unknown/no local bytes to hash comparison over acquired files.
DOC-005,text_comparison,NOT_POSSIBLE_NO_LOCAL_EXTRACTED_TEXT,NORMALIZED_TEXT_IDENTICAL_TO_DOC-079_PP1-2 (1.00000); whole-file hashes differ,Updated after page-labelled extraction and comparison; see extracted comparison notes.
DOC-005,extraction_quality,PRIOR_CONTENT_REVIEW_NO_LOCAL_EXTRACT,TEXT_EXTRACTED_PAGE_LABELS; VISUAL_QA_REQUIRED,"Updated after validating PDF signature, extracting pages, and detecting scan-only pages."
DOC-005,manual_verification_required,Verify extracted text/pages against the source PDF before ingestion.,"MuPDF warning: warning: ICC support is not available; Course/policy table terms detected; verify layout, footnotes, and row associations against rendered pages.",Updated with page/table/OCR verification needs found during extraction.
DOC-005,verified_source_urls,https://sum.unmsm.edu.pe/assets/ReglamentoCompleto/RR-002642.pdf | https://sum.unmsm.edu.pe/reglamentomat.htm,https://sum.unmsm.edu.pe/assets/ReglamentoCompleto/RR-002642.pdf | https://sum.unmsm.edu.pe/reglamentomat.htm | https://viceacademico.unmsm.edu.pe/wp-content/uploads/2026/02/Reglamento-General-de-Matr%C3%ADcula.pdf,Updated to retain all verified source URLs for matching components.
DOC-008,review_note,"2026 calendar annex reviewed, including semester II. Contains a digital signature dated 2025-12-16; signature date is not assumed to be publication date. Faculty application cutoffs may be earlier than SUM deadlines.","2026 calendar annex reviewed, including semester II. Contains a digital signature dated 2025-12-16; signature date is not assumed to be publication date. Faculty application cutoffs may be earlier than SUM deadlines. Local source file acquired, PDF signature validated, SHA-256 recorded, and page-labelled extraction written; see sources/source_manifest.csv. Local source file acquired, PDF signature validated, SHA-256 recorded, and page-labelled extraction written; see sources/source_manifest.csv. Local source file acquired, PDF signature validated, SHA-256 recorded, and page-labelled extraction written; see sources/source_manifest.csv.","Updated with acquired source, extraction outcome, and page-level evidence."
DOC-008,file_identity,NOT_COMPARED,SHA256:81c91c2fadf66d5d15076992dded544e45a622656eb313709bf0e23234a849e6,Replaced NOT_COMPARED with byte-level SHA-256 after acquisition.
DOC-008,local_file_path,,sources/originals/Cronograma-Pregrado-2026-anexo.pdf,Downloaded and validated source file; local path recorded in manifest.
DOC-008,sha256,NOT_AVAILABLE_NO_LOCAL_FILE,81c91c2fadf66d5d15076992dded544e45a622656eb313709bf0e23234a849e6,Computed SHA-256 from acquired original bytes; value is reproducible from the local file.
DOC-008,duplicate_group,UNKNOWN_NO_LOCAL_BYTES,NO_BYTE_IDENTICAL_FILE_IN_ACQUIRED_SET,Updated from unknown/no local bytes to hash comparison over acquired files.
DOC-008,text_comparison,NOT_POSSIBLE_NO_LOCAL_EXTRACTED_TEXT,BYTE_HASHED_NO_EXACT_DUPLICATE_IN_ACQUIRED_SET; extracted-text comparison recorded separately,Updated after page-labelled extraction and comparison; see extracted comparison notes.
DOC-008,extraction_quality,PRIOR_CONTENT_REVIEW_NO_LOCAL_EXTRACT,TEXT_EXTRACTED_PAGE_LABELS; VISUAL_QA_REQUIRED,"Updated after validating PDF signature, extracting pages, and detecting scan-only pages."
DOC-008,manual_verification_required,Verify extracted text/pages against the source PDF before ingestion.,"MuPDF warning: warning: ICC support is not available; Course/policy table terms detected; verify layout, footnotes, and row associations against rendered pages.",Updated with page/table/OCR verification needs found during extraction.
DOC-018,access_review,NOT_ATTEMPTED,RETRIEVED,Updated after successful source download and PDF signature validation.
DOC-018,review_note,Original inventory metadata reviewed; underlying document content not independently verified.,"Original inventory metadata reviewed; underlying document content not independently verified. Local source file acquired, PDF signature validated, SHA-256 recorded, and page-labelled extraction written; see sources/source_manifest.csv. Local source file acquired, PDF signature validated, SHA-256 recorded, and page-labelled extraction written; see sources/source_manifest.csv. Local source file acquired, PDF signature validated, SHA-256 recorded, and page-labelled extraction written; see sources/source_manifest.csv.","Updated with acquired source, extraction outcome, and page-level evidence."
DOC-018,file_identity,NOT_COMPARED,SHA256:9f3e54baf9883dc920ce3df02fca3ccbda9cbfa399f46e050d748c05a37d3eb8,Replaced NOT_COMPARED with byte-level SHA-256 after acquisition.
DOC-018,local_file_path,,sources/originals/RR-013045-2021-R-pautas-registro-plan.pdf,Downloaded and validated source file; local path recorded in manifest.
DOC-018,sha256,NOT_AVAILABLE_NO_LOCAL_FILE,9f3e54baf9883dc920ce3df02fca3ccbda9cbfa399f46e050d748c05a37d3eb8,Computed SHA-256 from acquired original bytes; value is reproducible from the local file.
DOC-018,duplicate_group,UNKNOWN_NO_LOCAL_BYTES,NO_BYTE_IDENTICAL_FILE_IN_ACQUIRED_SET,Updated from unknown/no local bytes to hash comparison over acquired files.
DOC-018,text_comparison,NOT_POSSIBLE_NO_LOCAL_EXTRACTED_TEXT,BYTE_HASHED_NO_EXACT_DUPLICATE_IN_ACQUIRED_SET; extracted-text comparison recorded separately,Updated after page-labelled extraction and comparison; see extracted comparison notes.
DOC-018,extraction_quality,NOT_ASSESSED_NO_LOCAL_DOCUMENT,TEXT_EXTRACTED_PAGE_LABELS; VISUAL_QA_REQUIRED,"Updated after validating PDF signature, extracting pages, and detecting scan-only pages."
DOC-018,manual_verification_required,"Download source attachment and inspect tables, prerequisites, footnotes, signatures, and scanned pages.","MuPDF warning: warning: ICC support is not available; Course/policy table terms detected; verify layout, footnotes, and row associations against rendered pages.",Updated with page/table/OCR verification needs found during extraction.
DOC-019,content_review,NOT_REVIEWED,OCR_REQUIRED,Updated to reflect the acquired/extracted content and OCR or annex limitations.
DOC-019,access_review,NOT_ATTEMPTED,RETRIEVED,Updated after successful source download and PDF signature validation.
DOC-019,review_note,Original inventory metadata reviewed; underlying document content not independently verified.,"Original inventory metadata reviewed; underlying document content not independently verified. Local source file acquired, PDF signature validated, SHA-256 recorded, and page-labelled extraction written; see sources/source_manifest.csv. Local source file acquired, PDF signature validated, SHA-256 recorded, and page-labelled extraction written; see sources/source_manifest.csv. Local source file acquired, PDF signature validated, SHA-256 recorded, and page-labelled extraction written; see sources/source_manifest.csv.","Updated with acquired source, extraction outcome, and page-level evidence."
DOC-019,file_identity,NOT_COMPARED,SHA256:45692b7e4fd81d3e7bfee3b6c5bb0d0e1ee668a5e0dd65997256ce40acbc9494,Replaced NOT_COMPARED with byte-level SHA-256 after acquisition.
DOC-019,local_file_path,,sources/originals/RR-2272-R-13-aprueba-directivas-SUM.pdf,Downloaded and validated source file; local path recorded in manifest.
DOC-019,sha256,NOT_AVAILABLE_NO_LOCAL_FILE,45692b7e4fd81d3e7bfee3b6c5bb0d0e1ee668a5e0dd65997256ce40acbc9494,Computed SHA-256 from acquired original bytes; value is reproducible from the local file.
DOC-019,duplicate_group,UNKNOWN_NO_LOCAL_BYTES,NO_BYTE_IDENTICAL_FILE_IN_ACQUIRED_SET,Updated from unknown/no local bytes to hash comparison over acquired files.
DOC-019,text_comparison,NOT_POSSIBLE_NO_LOCAL_EXTRACTED_TEXT,BYTE_HASHED_NO_EXACT_DUPLICATE_IN_ACQUIRED_SET; extracted-text comparison recorded separately,Updated after page-labelled extraction and comparison; see extracted comparison notes.
DOC-019,extraction_quality,NOT_ASSESSED_NO_LOCAL_DOCUMENT,TEXT_EXTRACTED_PAGE_LABELS; OCR_REQUIRED,"Updated after validating PDF signature, extracting pages, and detecting scan-only pages."
DOC-019,manual_verification_required,"Download source attachment and inspect tables, prerequisites, footnotes, signatures, and scanned pages.","MuPDF warning: warning: ICC support is not available | one or more image-only/empty-text pages detected; No text extracted on pages 1,2; OCR required.",Updated with page/table/OCR verification needs found during extraction.
DOC-020,content_review,NOT_REVIEWED,OCR_REQUIRED,Updated to reflect the acquired/extracted content and OCR or annex limitations.
DOC-020,access_review,NOT_ATTEMPTED,RETRIEVED,Updated after successful source download and PDF signature validation.
DOC-020,review_note,Original inventory metadata reviewed; underlying document content not independently verified.,"Original inventory metadata reviewed; underlying document content not independently verified. Local source file acquired, PDF signature validated, SHA-256 recorded, and page-labelled extraction written; see sources/source_manifest.csv. Local source file acquired, PDF signature validated, SHA-256 recorded, and page-labelled extraction written; see sources/source_manifest.csv. Local source file acquired, PDF signature validated, SHA-256 recorded, and page-labelled extraction written; see sources/source_manifest.csv.","Updated with acquired source, extraction outcome, and page-level evidence."
DOC-020,file_identity,NOT_COMPARED,SHA256:120910d7bf08432d76da592d4fb319c3255ee1d2d319375f2a03c4d9302bf19c,Replaced NOT_COMPARED with byte-level SHA-256 after acquisition.
DOC-020,local_file_path,,sources/originals/RR-2810-R-13-aprueba-directivas-SUM.pdf,Downloaded and validated source file; local path recorded in manifest.
DOC-020,sha256,NOT_AVAILABLE_NO_LOCAL_FILE,120910d7bf08432d76da592d4fb319c3255ee1d2d319375f2a03c4d9302bf19c,Computed SHA-256 from acquired original bytes; value is reproducible from the local file.
DOC-020,duplicate_group,UNKNOWN_NO_LOCAL_BYTES,NO_BYTE_IDENTICAL_FILE_IN_ACQUIRED_SET,Updated from unknown/no local bytes to hash comparison over acquired files.
DOC-020,text_comparison,NOT_POSSIBLE_NO_LOCAL_EXTRACTED_TEXT,BYTE_HASHED_NO_EXACT_DUPLICATE_IN_ACQUIRED_SET; extracted-text comparison recorded separately,Updated after page-labelled extraction and comparison; see extracted comparison notes.
DOC-020,extraction_quality,NOT_ASSESSED_NO_LOCAL_DOCUMENT,TEXT_EXTRACTED_PAGE_LABELS; OCR_REQUIRED,"Updated after validating PDF signature, extracting pages, and detecting scan-only pages."
DOC-020,manual_verification_required,"Download source attachment and inspect tables, prerequisites, footnotes, signatures, and scanned pages.","MuPDF warning: warning: ICC support is not available | one or more image-only/empty-text pages detected; No text extracted on pages 1,2; OCR required.",Updated with page/table/OCR verification needs found during extraction.
DOC-022,access_review,NOT_ATTEMPTED,RETRIEVED,Updated after successful source download and PDF signature validation.
DOC-022,review_note,Original inventory metadata reviewed; underlying document content not independently verified.,"Original inventory metadata reviewed; underlying document content not independently verified. Local source file acquired, PDF signature validated, SHA-256 recorded, and page-labelled extraction written; see sources/source_manifest.csv. Local source file acquired, PDF signature validated, SHA-256 recorded, and page-labelled extraction written; see sources/source_manifest.csv. Local source file acquired, PDF signature validated, SHA-256 recorded, and page-labelled extraction written; see sources/source_manifest.csv.","Updated with acquired source, extraction outcome, and page-level evidence."
DOC-022,file_identity,NOT_COMPARED,SHA256:9748940f94df4b97a388b8da88cbddfe722bd295cc53b94a0333a67a4d0c5c5d,Replaced NOT_COMPARED with byte-level SHA-256 after acquisition.
DOC-022,local_file_path,,sources/originals/Directiva-SUM-001-2021-registro-plan.pdf,Downloaded and validated source file; local path recorded in manifest.
DOC-022,sha256,NOT_AVAILABLE_NO_LOCAL_FILE,9748940f94df4b97a388b8da88cbddfe722bd295cc53b94a0333a67a4d0c5c5d,Computed SHA-256 from acquired original bytes; value is reproducible from the local file.
DOC-022,duplicate_group,UNKNOWN_NO_LOCAL_BYTES,NO_BYTE_IDENTICAL_FILE_IN_ACQUIRED_SET,Updated from unknown/no local bytes to hash comparison over acquired files.
DOC-022,text_comparison,NOT_POSSIBLE_NO_LOCAL_EXTRACTED_TEXT,BYTE_HASHED_NO_EXACT_DUPLICATE_IN_ACQUIRED_SET; extracted-text comparison recorded separately,Updated after page-labelled extraction and comparison; see extracted comparison notes.
DOC-022,extraction_quality,NOT_ASSESSED_NO_LOCAL_DOCUMENT,TEXT_EXTRACTED_PAGE_LABELS; VISUAL_QA_REQUIRED,"Updated after validating PDF signature, extracting pages, and detecting scan-only pages."
DOC-022,manual_verification_required,"Download source attachment and inspect tables, prerequisites, footnotes, signatures, and scanned pages.","MuPDF warning: warning: ICC support is not available; Course/policy table terms detected; verify layout, footnotes, and row associations against rendered pages.",Updated with page/table/OCR verification needs found during extraction.
DOC-029,access_review,NOT_ATTEMPTED,RETRIEVED,Updated after successful source download and PDF signature validation.
DOC-029,review_note,Original inventory metadata reviewed; underlying document content not independently verified.,"Original inventory metadata reviewed; underlying document content not independently verified. Local source file acquired, PDF signature validated, SHA-256 recorded, and page-labelled extraction written; see sources/source_manifest.csv. Local source file acquired, PDF signature validated, SHA-256 recorded, and page-labelled extraction written; see sources/source_manifest.csv. Local source file acquired, PDF signature validated, SHA-256 recorded, and page-labelled extraction written; see sources/source_manifest.csv.","Updated with acquired source, extraction outcome, and page-level evidence."
DOC-029,file_identity,NOT_COMPARED,SHA256:41480619652daa9b1e893b47f48e1ae310f38e481519488955cc0f37f3f07efe,Replaced NOT_COMPARED with byte-level SHA-256 after acquisition.
DOC-029,local_file_path,,sources/originals/Directiva-SUM-005-reactualizacion.pdf,Downloaded and validated source file; local path recorded in manifest.
DOC-029,sha256,NOT_AVAILABLE_NO_LOCAL_FILE,41480619652daa9b1e893b47f48e1ae310f38e481519488955cc0f37f3f07efe,Computed SHA-256 from acquired original bytes; value is reproducible from the local file.
DOC-029,duplicate_group,UNKNOWN_NO_LOCAL_BYTES,NO_BYTE_IDENTICAL_FILE_IN_ACQUIRED_SET,Updated from unknown/no local bytes to hash comparison over acquired files.
DOC-029,text_comparison,NOT_POSSIBLE_NO_LOCAL_EXTRACTED_TEXT,BYTE_HASHED_NO_EXACT_DUPLICATE_IN_ACQUIRED_SET; extracted-text comparison recorded separately,Updated after page-labelled extraction and comparison; see extracted comparison notes.
DOC-029,extraction_quality,NOT_ASSESSED_NO_LOCAL_DOCUMENT,TEXT_EXTRACTED_PAGE_LABELS; VISUAL_QA_REQUIRED,"Updated after validating PDF signature, extracting pages, and detecting scan-only pages."
DOC-029,manual_verification_required,"Download source attachment and inspect tables, prerequisites, footnotes, signatures, and scanned pages.","MuPDF warning: warning: ICC support is not available; Course/policy table terms detected; verify layout, footnotes, and row associations against rendered pages.",Updated with page/table/OCR verification needs found during extraction.
DOC-030,access_review,NOT_ATTEMPTED,RETRIEVED,Updated after successful source download and PDF signature validation.
DOC-030,review_note,Original inventory metadata reviewed; underlying document content not independently verified.,"Original inventory metadata reviewed; underlying document content not independently verified. Local source file acquired, PDF signature validated, SHA-256 recorded, and page-labelled extraction written; see sources/source_manifest.csv. Local source file acquired, PDF signature validated, SHA-256 recorded, and page-labelled extraction written; see sources/source_manifest.csv. Local source file acquired, PDF signature validated, SHA-256 recorded, and page-labelled extraction written; see sources/source_manifest.csv.","Updated with acquired source, extraction outcome, and page-level evidence."
DOC-030,file_identity,NOT_COMPARED,SHA256:a0a96aa2364c1b72e3f938e325ec4dab69c93f47aced6d82dce9af6639856a63,Replaced NOT_COMPARED with byte-level SHA-256 after acquisition.
DOC-030,local_file_path,,sources/originals/Directiva-SUM-006-rectificacion.pdf,Downloaded and validated source file; local path recorded in manifest.
DOC-030,sha256,NOT_AVAILABLE_NO_LOCAL_FILE,a0a96aa2364c1b72e3f938e325ec4dab69c93f47aced6d82dce9af6639856a63,Computed SHA-256 from acquired original bytes; value is reproducible from the local file.
DOC-030,duplicate_group,UNKNOWN_NO_LOCAL_BYTES,NO_BYTE_IDENTICAL_FILE_IN_ACQUIRED_SET,Updated from unknown/no local bytes to hash comparison over acquired files.
DOC-030,text_comparison,NOT_POSSIBLE_NO_LOCAL_EXTRACTED_TEXT,BYTE_HASHED_NO_EXACT_DUPLICATE_IN_ACQUIRED_SET; extracted-text comparison recorded separately,Updated after page-labelled extraction and comparison; see extracted comparison notes.
DOC-030,extraction_quality,NOT_ASSESSED_NO_LOCAL_DOCUMENT,TEXT_EXTRACTED_PAGE_LABELS; VISUAL_QA_REQUIRED,"Updated after validating PDF signature, extracting pages, and detecting scan-only pages."
DOC-030,manual_verification_required,"Download source attachment and inspect tables, prerequisites, footnotes, signatures, and scanned pages.","MuPDF warning: warning: ICC support is not available; Course/policy table terms detected; verify layout, footnotes, and row associations against rendered pages.",Updated with page/table/OCR verification needs found during extraction.
DOC-031,access_review,NOT_ATTEMPTED,RETRIEVED,Updated after successful source download and PDF signature validation.
DOC-031,review_note,Original inventory metadata reviewed; underlying document content not independently verified.,"Original inventory metadata reviewed; underlying document content not independently verified. Local source file acquired, PDF signature validated, SHA-256 recorded, and page-labelled extraction written; see sources/source_manifest.csv. Local source file acquired, PDF signature validated, SHA-256 recorded, and page-labelled extraction written; see sources/source_manifest.csv. Local source file acquired, PDF signature validated, SHA-256 recorded, and page-labelled extraction written; see sources/source_manifest.csv.","Updated with acquired source, extraction outcome, and page-level evidence."
DOC-031,file_identity,NOT_COMPARED,SHA256:f8ef1e4653c73aea5e9522a7877bbc76c1875ac73359268f58d17dec5ac68ddd,Replaced NOT_COMPARED with byte-level SHA-256 after acquisition.
DOC-031,local_file_path,,sources/originals/Directiva-SUM-007-convalidacion.pdf,Downloaded and validated source file; local path recorded in manifest.
DOC-031,sha256,NOT_AVAILABLE_NO_LOCAL_FILE,f8ef1e4653c73aea5e9522a7877bbc76c1875ac73359268f58d17dec5ac68ddd,Computed SHA-256 from acquired original bytes; value is reproducible from the local file.
DOC-031,duplicate_group,UNKNOWN_NO_LOCAL_BYTES,NO_BYTE_IDENTICAL_FILE_IN_ACQUIRED_SET,Updated from unknown/no local bytes to hash comparison over acquired files.
DOC-031,text_comparison,NOT_POSSIBLE_NO_LOCAL_EXTRACTED_TEXT,BYTE_HASHED_NO_EXACT_DUPLICATE_IN_ACQUIRED_SET; extracted-text comparison recorded separately,Updated after page-labelled extraction and comparison; see extracted comparison notes.
DOC-031,extraction_quality,NOT_ASSESSED_NO_LOCAL_DOCUMENT,TEXT_EXTRACTED_PAGE_LABELS; VISUAL_QA_REQUIRED,"Updated after validating PDF signature, extracting pages, and detecting scan-only pages."
DOC-031,manual_verification_required,"Download source attachment and inspect tables, prerequisites, footnotes, signatures, and scanned pages.","MuPDF warning: warning: ICC support is not available; Course/policy table terms detected; verify layout, footnotes, and row associations against rendered pages.",Updated with page/table/OCR verification needs found during extraction.
DOC-033,access_review,NOT_ATTEMPTED,RETRIEVED,Updated after successful source download and PDF signature validation.
DOC-033,review_note,Original inventory metadata reviewed; underlying document content not independently verified.,"Original inventory metadata reviewed; underlying document content not independently verified. Local source file acquired, PDF signature validated, SHA-256 recorded, and page-labelled extraction written; see sources/source_manifest.csv. Local source file acquired, PDF signature validated, SHA-256 recorded, and page-labelled extraction written; see sources/source_manifest.csv. Local source file acquired, PDF signature validated, SHA-256 recorded, and page-labelled extraction written; see sources/source_manifest.csv.","Updated with acquired source, extraction outcome, and page-level evidence."
DOC-033,file_identity,NOT_COMPARED,SHA256:add48f80900bbbfd4953dd68919c046f5eac389ce64d2248b6effc5206e0b7bb,Replaced NOT_COMPARED with byte-level SHA-256 after acquisition.
DOC-033,local_file_path,,sources/originals/Directiva-SUM-008-equivalencia.pdf,Downloaded and validated source file; local path recorded in manifest.
DOC-033,sha256,NOT_AVAILABLE_NO_LOCAL_FILE,add48f80900bbbfd4953dd68919c046f5eac389ce64d2248b6effc5206e0b7bb,Computed SHA-256 from acquired original bytes; value is reproducible from the local file.
DOC-033,duplicate_group,UNKNOWN_NO_LOCAL_BYTES,NO_BYTE_IDENTICAL_FILE_IN_ACQUIRED_SET,Updated from unknown/no local bytes to hash comparison over acquired files.
DOC-033,text_comparison,NOT_POSSIBLE_NO_LOCAL_EXTRACTED_TEXT,BYTE_HASHED_NO_EXACT_DUPLICATE_IN_ACQUIRED_SET; extracted-text comparison recorded separately,Updated after page-labelled extraction and comparison; see extracted comparison notes.
DOC-033,extraction_quality,NOT_ASSESSED_NO_LOCAL_DOCUMENT,TEXT_EXTRACTED_PAGE_LABELS; VISUAL_QA_REQUIRED,"Updated after validating PDF signature, extracting pages, and detecting scan-only pages."
DOC-033,manual_verification_required,"Download source attachment and inspect tables, prerequisites, footnotes, signatures, and scanned pages.","MuPDF warning: warning: ICC support is not available; Course/policy table terms detected; verify layout, footnotes, and row associations against rendered pages.",Updated with page/table/OCR verification needs found during extraction.
DOC-035,access_review,NOT_ATTEMPTED,RETRIEVED,Updated after successful source download and PDF signature validation.
DOC-035,review_note,Original inventory metadata reviewed; underlying document content not independently verified.,"Original inventory metadata reviewed; underlying document content not independently verified. Local source file acquired, PDF signature validated, SHA-256 recorded, and page-labelled extraction written; see sources/source_manifest.csv. Local source file acquired, PDF signature validated, SHA-256 recorded, and page-labelled extraction written; see sources/source_manifest.csv. Local source file acquired, PDF signature validated, SHA-256 recorded, and page-labelled extraction written; see sources/source_manifest.csv.","Updated with acquired source, extraction outcome, and page-level evidence."
DOC-035,file_identity,NOT_COMPARED,SHA256:384e2a46cdab43f91ef51376ada513f65d23132745835ae6435ac032848a6171,Replaced NOT_COMPARED with byte-level SHA-256 after acquisition.
DOC-035,local_file_path,,sources/originals/Directiva-SUM-009-reserva.pdf,Downloaded and validated source file; local path recorded in manifest.
DOC-035,sha256,NOT_AVAILABLE_NO_LOCAL_FILE,384e2a46cdab43f91ef51376ada513f65d23132745835ae6435ac032848a6171,Computed SHA-256 from acquired original bytes; value is reproducible from the local file.
DOC-035,duplicate_group,UNKNOWN_NO_LOCAL_BYTES,NO_BYTE_IDENTICAL_FILE_IN_ACQUIRED_SET,Updated from unknown/no local bytes to hash comparison over acquired files.
DOC-035,text_comparison,NOT_POSSIBLE_NO_LOCAL_EXTRACTED_TEXT,BYTE_HASHED_NO_EXACT_DUPLICATE_IN_ACQUIRED_SET; extracted-text comparison recorded separately,Updated after page-labelled extraction and comparison; see extracted comparison notes.
DOC-035,extraction_quality,NOT_ASSESSED_NO_LOCAL_DOCUMENT,TEXT_EXTRACTED_PAGE_LABELS; VISUAL_QA_REQUIRED,"Updated after validating PDF signature, extracting pages, and detecting scan-only pages."
DOC-035,manual_verification_required,"Download source attachment and inspect tables, prerequisites, footnotes, signatures, and scanned pages.",MuPDF warning: warning: ICC support is not available,Updated with page/table/OCR verification needs found during extraction.
DOC-036,access_review,NOT_ATTEMPTED,RETRIEVED,Updated after successful source download and PDF signature validation.
DOC-036,review_note,Original inventory metadata reviewed; underlying document content not independently verified.,"Original inventory metadata reviewed; underlying document content not independently verified. Local source file acquired, PDF signature validated, SHA-256 recorded, and page-labelled extraction written; see sources/source_manifest.csv. Local source file acquired, PDF signature validated, SHA-256 recorded, and page-labelled extraction written; see sources/source_manifest.csv. Local source file acquired, PDF signature validated, SHA-256 recorded, and page-labelled extraction written; see sources/source_manifest.csv.","Updated with acquired source, extraction outcome, and page-level evidence."
DOC-036,file_identity,NOT_COMPARED,SHA256:0e0243ba4288542cad0b73c05acd68845ee9a7dd38c6664dc5d0bd2556f81310,Replaced NOT_COMPARED with byte-level SHA-256 after acquisition.
DOC-036,local_file_path,,sources/originals/Directiva-SUM-010-extemporanea.pdf,Downloaded and validated source file; local path recorded in manifest.
DOC-036,sha256,NOT_AVAILABLE_NO_LOCAL_FILE,0e0243ba4288542cad0b73c05acd68845ee9a7dd38c6664dc5d0bd2556f81310,Computed SHA-256 from acquired original bytes; value is reproducible from the local file.
DOC-036,duplicate_group,UNKNOWN_NO_LOCAL_BYTES,NO_BYTE_IDENTICAL_FILE_IN_ACQUIRED_SET,Updated from unknown/no local bytes to hash comparison over acquired files.
DOC-036,text_comparison,NOT_POSSIBLE_NO_LOCAL_EXTRACTED_TEXT,BYTE_HASHED_NO_EXACT_DUPLICATE_IN_ACQUIRED_SET; extracted-text comparison recorded separately,Updated after page-labelled extraction and comparison; see extracted comparison notes.
DOC-036,extraction_quality,NOT_ASSESSED_NO_LOCAL_DOCUMENT,TEXT_EXTRACTED_PAGE_LABELS; VISUAL_QA_REQUIRED,"Updated after validating PDF signature, extracting pages, and detecting scan-only pages."
DOC-036,manual_verification_required,"Download source attachment and inspect tables, prerequisites, footnotes, signatures, and scanned pages.","MuPDF warning: warning: ICC support is not available; Course/policy table terms detected; verify layout, footnotes, and row associations against rendered pages.",Updated with page/table/OCR verification needs found during extraction.
DOC-037,access_review,NOT_ATTEMPTED,RETRIEVED,Updated after successful source download and PDF signature validation.
DOC-037,review_note,Original inventory metadata reviewed; underlying document content not independently verified.,"Original inventory metadata reviewed; underlying document content not independently verified. Local source file acquired, PDF signature validated, SHA-256 recorded, and page-labelled extraction written; see sources/source_manifest.csv. Local source file acquired, PDF signature validated, SHA-256 recorded, and page-labelled extraction written; see sources/source_manifest.csv. Local source file acquired, PDF signature validated, SHA-256 recorded, and page-labelled extraction written; see sources/source_manifest.csv.","Updated with acquired source, extraction outcome, and page-level evidence."
DOC-037,file_identity,NOT_COMPARED,SHA256:8d23d35216cefd29bd657324d3eb6d8a9a0220a300df8b7a7c1378a0ec88cdb3,Replaced NOT_COMPARED with byte-level SHA-256 after acquisition.
DOC-037,local_file_path,,sources/originals/Directiva-SUM-011-registro-plan.pdf,Downloaded and validated source file; local path recorded in manifest.
DOC-037,sha256,NOT_AVAILABLE_NO_LOCAL_FILE,8d23d35216cefd29bd657324d3eb6d8a9a0220a300df8b7a7c1378a0ec88cdb3,Computed SHA-256 from acquired original bytes; value is reproducible from the local file.
DOC-037,duplicate_group,UNKNOWN_NO_LOCAL_BYTES,NO_BYTE_IDENTICAL_FILE_IN_ACQUIRED_SET,Updated from unknown/no local bytes to hash comparison over acquired files.
DOC-037,text_comparison,NOT_POSSIBLE_NO_LOCAL_EXTRACTED_TEXT,BYTE_HASHED_NO_EXACT_DUPLICATE_IN_ACQUIRED_SET; extracted-text comparison recorded separately,Updated after page-labelled extraction and comparison; see extracted comparison notes.
DOC-037,extraction_quality,NOT_ASSESSED_NO_LOCAL_DOCUMENT,TEXT_EXTRACTED_PAGE_LABELS; VISUAL_QA_REQUIRED,"Updated after validating PDF signature, extracting pages, and detecting scan-only pages."
DOC-037,manual_verification_required,"Download source attachment and inspect tables, prerequisites, footnotes, signatures, and scanned pages.","MuPDF warning: warning: ICC support is not available; Course/policy table terms detected; verify layout, footnotes, and row associations against rendered pages.",Updated with page/table/OCR verification needs found during extraction.
DOC-052,access_review,NOT_ATTEMPTED,RETRIEVED,Updated after successful source download and PDF signature validation.
DOC-052,review_note,Original inventory metadata reviewed; underlying document content not independently verified.,"Original inventory metadata reviewed; underlying document content not independently verified. Local source file acquired, PDF signature validated, SHA-256 recorded, and page-labelled extraction written; see sources/source_manifest.csv. Local source file acquired, PDF signature validated, SHA-256 recorded, and page-labelled extraction written; see sources/source_manifest.csv. Local source file acquired, PDF signature validated, SHA-256 recorded, and page-labelled extraction written; see sources/source_manifest.csv.","Updated with acquired source, extraction outcome, and page-level evidence."
DOC-052,file_identity,NOT_COMPARED,SHA256:b944504bc39067714566e117f3c9b06cb2cffb2b163b9fa556b79b606017d4c9,Replaced NOT_COMPARED with byte-level SHA-256 after acquisition.
DOC-052,local_file_path,,sources/originals/RR-04005-R-16-regularizacion-matricula.pdf,Downloaded and validated source file; local path recorded in manifest.
DOC-052,sha256,NOT_AVAILABLE_NO_LOCAL_FILE,b944504bc39067714566e117f3c9b06cb2cffb2b163b9fa556b79b606017d4c9,Computed SHA-256 from acquired original bytes; value is reproducible from the local file.
DOC-052,duplicate_group,UNKNOWN_NO_LOCAL_BYTES,NO_BYTE_IDENTICAL_FILE_IN_ACQUIRED_SET,Updated from unknown/no local bytes to hash comparison over acquired files.
DOC-052,text_comparison,NOT_POSSIBLE_NO_LOCAL_EXTRACTED_TEXT,BYTE_HASHED_NO_EXACT_DUPLICATE_IN_ACQUIRED_SET; extracted-text comparison recorded separately,Updated after page-labelled extraction and comparison; see extracted comparison notes.
DOC-052,extraction_quality,NOT_ASSESSED_NO_LOCAL_DOCUMENT,TEXT_EXTRACTED_PAGE_LABELS; VISUAL_QA_REQUIRED,"Updated after validating PDF signature, extracting pages, and detecting scan-only pages."
DOC-052,manual_verification_required,"Download source attachment and inspect tables, prerequisites, footnotes, signatures, and scanned pages.","MuPDF warning: warning: ICC support is not available; Course/policy table terms detected; verify layout, footnotes, and row associations against rendered pages.",Updated with page/table/OCR verification needs found during extraction.
DOC-053,content_review,NOT_REVIEWED,OCR_REQUIRED,Updated to reflect the acquired/extracted content and OCR or annex limitations.
DOC-053,access_review,NOT_ATTEMPTED,RETRIEVED,Updated after successful source download and PDF signature validation.
DOC-053,review_note,Original inventory metadata reviewed; underlying document content not independently verified.,"Original inventory metadata reviewed; underlying document content not independently verified. Local source file acquired, PDF signature validated, SHA-256 recorded, and page-labelled extraction written; see sources/source_manifest.csv. Local source file acquired, PDF signature validated, SHA-256 recorded, and page-labelled extraction written; see sources/source_manifest.csv. Local source file acquired, PDF signature validated, SHA-256 recorded, and page-labelled extraction written; see sources/source_manifest.csv.","Updated with acquired source, extraction outcome, and page-level evidence."
DOC-053,file_identity,NOT_COMPARED,SHA256:362a4bf5e38a78cfd6cade3bd23bcd37b5191e5e91d1a1f97d7748e50ce19c02,Replaced NOT_COMPARED with byte-level SHA-256 after acquisition.
DOC-053,local_file_path,,sources/originals/RR-0438-R-09-reactualizacion.pdf,Downloaded and validated source file; local path recorded in manifest.
DOC-053,sha256,NOT_AVAILABLE_NO_LOCAL_FILE,362a4bf5e38a78cfd6cade3bd23bcd37b5191e5e91d1a1f97d7748e50ce19c02,Computed SHA-256 from acquired original bytes; value is reproducible from the local file.
DOC-053,duplicate_group,UNKNOWN_NO_LOCAL_BYTES,NO_BYTE_IDENTICAL_FILE_IN_ACQUIRED_SET,Updated from unknown/no local bytes to hash comparison over acquired files.
DOC-053,text_comparison,NOT_POSSIBLE_NO_LOCAL_EXTRACTED_TEXT,BYTE_HASHED_NO_EXACT_DUPLICATE_IN_ACQUIRED_SET; extracted-text comparison recorded separately,Updated after page-labelled extraction and comparison; see extracted comparison notes.
DOC-053,extraction_quality,NOT_ASSESSED_NO_LOCAL_DOCUMENT,TEXT_EXTRACTED_PAGE_LABELS; OCR_REQUIRED,"Updated after validating PDF signature, extracting pages, and detecting scan-only pages."
DOC-053,manual_verification_required,"Download source attachment and inspect tables, prerequisites, footnotes, signatures, and scanned pages.",MuPDF warning: warning: ICC support is not available | one or more image-only/empty-text pages detected; No text extracted on pages 1; OCR required.,Updated with page/table/OCR verification needs found during extraction.
DOC-054,content_review,NOT_REVIEWED,OCR_REQUIRED,Updated to reflect the acquired/extracted content and OCR or annex limitations.
DOC-054,access_review,NOT_ATTEMPTED,RETRIEVED,Updated after successful source download and PDF signature validation.
DOC-054,review_note,Original inventory metadata reviewed; underlying document content not independently verified.,"Original inventory metadata reviewed; underlying document content not independently verified. Local source file acquired, PDF signature validated, SHA-256 recorded, and page-labelled extraction written; see sources/source_manifest.csv. Local source file acquired, PDF signature validated, SHA-256 recorded, and page-labelled extraction written; see sources/source_manifest.csv. Local source file acquired, PDF signature validated, SHA-256 recorded, and page-labelled extraction written; see sources/source_manifest.csv.","Updated with acquired source, extraction outcome, and page-level evidence."
DOC-054,file_identity,NOT_COMPARED,SHA256:0dfd50f45d9cae7586bb41ddfc1af11388917875f9c4b92796bf5508fd24ef76,Replaced NOT_COMPARED with byte-level SHA-256 after acquisition.
DOC-054,local_file_path,,sources/originals/RR-04626-R-06-regimen-estudios-evaluacion.pdf,Downloaded and validated source file; local path recorded in manifest.
DOC-054,sha256,NOT_AVAILABLE_NO_LOCAL_FILE,0dfd50f45d9cae7586bb41ddfc1af11388917875f9c4b92796bf5508fd24ef76,Computed SHA-256 from acquired original bytes; value is reproducible from the local file.
DOC-054,duplicate_group,UNKNOWN_NO_LOCAL_BYTES,NO_BYTE_IDENTICAL_FILE_IN_ACQUIRED_SET,Updated from unknown/no local bytes to hash comparison over acquired files.
DOC-054,text_comparison,NOT_POSSIBLE_NO_LOCAL_EXTRACTED_TEXT,BYTE_HASHED_NO_EXACT_DUPLICATE_IN_ACQUIRED_SET; extracted-text comparison recorded separately,Updated after page-labelled extraction and comparison; see extracted comparison notes.
DOC-054,extraction_quality,NOT_ASSESSED_NO_LOCAL_DOCUMENT,TEXT_EXTRACTED_PAGE_LABELS; OCR_REQUIRED,"Updated after validating PDF signature, extracting pages, and detecting scan-only pages."
DOC-054,manual_verification_required,"Download source attachment and inspect tables, prerequisites, footnotes, signatures, and scanned pages.","MuPDF warning: warning: ICC support is not available | one or more image-only/empty-text pages detected; No text extracted on pages 1,2; OCR required.",Updated with page/table/OCR verification needs found during extraction.
DOC-070,content_review,NOT_REVIEWED,OCR_REQUIRED_ALL_PAGES,Updated to reflect the acquired/extracted content and OCR or annex limitations.
DOC-070,access_review,NOT_ATTEMPTED,RETRIEVED,Updated after successful source download and PDF signature validation.
DOC-070,review_note,Original inventory metadata reviewed; underlying document content not independently verified.,"Original inventory metadata reviewed; underlying document content not independently verified. Local source file acquired, PDF signature validated, SHA-256 recorded, and page-labelled extraction written; see sources/source_manifest.csv. Local source file acquired, PDF signature validated, SHA-256 recorded, and page-labelled extraction written; see sources/source_manifest.csv. Local source file acquired, PDF signature validated, SHA-256 recorded, and page-labelled extraction written; see sources/source_manifest.csv.","Updated with acquired source, extraction outcome, and page-level evidence."
DOC-070,file_identity,NOT_COMPARED,SHA256:7256e6dd71e999c42f3a1871fbc74787d20788b1995c3674fd32633af7f78d9c,Replaced NOT_COMPARED with byte-level SHA-256 after acquisition.
DOC-070,local_file_path,,sources/originals/Reglamento-Estatuto-UNMSM.pdf,Downloaded and validated source file; local path recorded in manifest.
DOC-070,sha256,NOT_AVAILABLE_NO_LOCAL_FILE,7256e6dd71e999c42f3a1871fbc74787d20788b1995c3674fd32633af7f78d9c,Computed SHA-256 from acquired original bytes; value is reproducible from the local file.
DOC-070,duplicate_group,UNKNOWN_NO_LOCAL_BYTES,NO_BYTE_IDENTICAL_FILE_IN_ACQUIRED_SET,Updated from unknown/no local bytes to hash comparison over acquired files.
DOC-070,text_comparison,NOT_POSSIBLE_NO_LOCAL_EXTRACTED_TEXT,BYTE_HASHED_NO_EXACT_DUPLICATE_IN_ACQUIRED_SET; extracted-text comparison recorded separately,Updated after page-labelled extraction and comparison; see extracted comparison notes.
DOC-070,extraction_quality,NOT_ASSESSED_NO_LOCAL_DOCUMENT,TEXT_EXTRACTED_PAGE_LABELS; OCR_REQUIRED,"Updated after validating PDF signature, extracting pages, and detecting scan-only pages."
DOC-070,manual_verification_required,"Download source attachment and inspect tables, prerequisites, footnotes, signatures, and scanned pages.",OCR all 84 scanned pages; manually verify Statute Article 189 and amendment history before current standing answers.,Updated with page/table/OCR verification needs found during extraction.
DOC-072,access_review,NOT_ATTEMPTED,RETRIEVED,Updated after successful source download and PDF signature validation.
DOC-072,review_note,Original inventory metadata reviewed; underlying document content not independently verified.,"Original inventory metadata reviewed; underlying document content not independently verified. Local source file acquired, PDF signature validated, SHA-256 recorded, and page-labelled extraction written; see sources/source_manifest.csv. Local source file acquired, PDF signature validated, SHA-256 recorded, and page-labelled extraction written; see sources/source_manifest.csv. Local source file acquired, PDF signature validated, SHA-256 recorded, and page-labelled extraction written; see sources/source_manifest.csv.","Updated with acquired source, extraction outcome, and page-level evidence."
DOC-072,file_identity,NOT_COMPARED,SHA256:a74b468ba467a3b0b763977fb206d3253e39b9b1f0e1f2543b0f583f3eb4e7cd,Replaced NOT_COMPARED with byte-level SHA-256 after acquisition.
DOC-072,local_file_path,,sources/originals/Ley-Universitaria-30220-SUM.pdf,Downloaded and validated source file; local path recorded in manifest.
DOC-072,sha256,NOT_AVAILABLE_NO_LOCAL_FILE,a74b468ba467a3b0b763977fb206d3253e39b9b1f0e1f2543b0f583f3eb4e7cd,Computed SHA-256 from acquired original bytes; value is reproducible from the local file.
DOC-072,duplicate_group,UNKNOWN_NO_LOCAL_BYTES,NO_BYTE_IDENTICAL_FILE_IN_ACQUIRED_SET,Updated from unknown/no local bytes to hash comparison over acquired files.
DOC-072,text_comparison,NOT_POSSIBLE_NO_LOCAL_EXTRACTED_TEXT,BYTE_HASHED_NO_EXACT_DUPLICATE_IN_ACQUIRED_SET; extracted-text comparison recorded separately,Updated after page-labelled extraction and comparison; see extracted comparison notes.
DOC-072,extraction_quality,NOT_ASSESSED_NO_LOCAL_DOCUMENT,TEXT_EXTRACTED_PAGE_LABELS; VISUAL_QA_REQUIRED,"Updated after validating PDF signature, extracting pages, and detecting scan-only pages."
DOC-072,manual_verification_required,"Download source attachment and inspect tables, prerequisites, footnotes, signatures, and scanned pages.","MuPDF warning: warning: ICC support is not available; Course/policy table terms detected; verify layout, footnotes, and row associations against rendered pages.",Updated with page/table/OCR verification needs found during extraction.
DOC-079,access_review,FETCH_FAILED,RETRIEVED,Updated after successful source download and PDF signature validation.
DOC-079,review_note,Web tool could not retrieve PDF; no new content verification.,Official VRAP Normativa page link acquired and verified; PDF contains RR 002642-2026 pp.1–2 plus the 18-page regulation pp.3–20. Its components are text-identical to DOC-005/DOC-002; source URL preserved.,"Updated with acquired source, extraction outcome, and page-level evidence."
DOC-079,file_identity,NOT_COMPARED,SHA256:5ae4047b8c1e8fd2c392826be6cb11d1ae24d20dda590c292d6daa1ada6a8800,Replaced NOT_COMPARED with byte-level SHA-256 after acquisition.
DOC-079,local_file_path,,sources/originals/Reglamento-Matricula-Pregrado-VRAP-2026.pdf,Downloaded and validated source file; local path recorded in manifest.
DOC-079,sha256,NOT_AVAILABLE_NO_LOCAL_FILE,5ae4047b8c1e8fd2c392826be6cb11d1ae24d20dda590c292d6daa1ada6a8800,Computed SHA-256 from acquired original bytes; value is reproducible from the local file.
DOC-079,duplicate_group,UNKNOWN_NO_LOCAL_BYTES,NO_BYTE_IDENTICAL_FILE_IN_ACQUIRED_SET,Updated from unknown/no local bytes to hash comparison over acquired files.
DOC-079,text_comparison,NOT_POSSIBLE_NO_LOCAL_EXTRACTED_TEXT,COMBINED_PDF_COMPONENTS_MATCH_DOC-005_PP1-2_AND_DOC-002_PP1-18; whole-file bytes differ,Updated after page-labelled extraction and comparison; see extracted comparison notes.
DOC-079,extraction_quality,NOT_ASSESSED_NO_LOCAL_DOCUMENT,TEXT_EXTRACTED_PAGE_LABELS; VISUAL_QA_REQUIRED,"Updated after validating PDF signature, extracting pages, and detecting scan-only pages."
DOC-079,manual_verification_required,"Download source attachment and inspect tables, prerequisites, footnotes, signatures, and scanned pages.","MuPDF warning: warning: ICC support is not available; Course/policy table terms detected; verify layout, footnotes, and row associations against rendered pages.",Updated with page/table/OCR verification needs found during extraction.
DOC-081,access_review,NOT_ATTEMPTED,RETRIEVED,Updated after successful source download and PDF signature validation.
DOC-081,review_note,Original inventory metadata reviewed; underlying document content not independently verified.,"Original inventory metadata reviewed; underlying document content not independently verified. Local source file acquired, PDF signature validated, SHA-256 recorded, and page-labelled extraction written; see sources/source_manifest.csv. Local source file acquired, PDF signature validated, SHA-256 recorded, and page-labelled extraction written; see sources/source_manifest.csv. Local source file acquired, PDF signature validated, SHA-256 recorded, and page-labelled extraction written; see sources/source_manifest.csv.","Updated with acquired source, extraction outcome, and page-level evidence."
DOC-081,file_identity,NOT_COMPARED,SHA256:188a6d151c9691a010db46025bac15e39547f407a03acf2f3fbf193f0e7534b8,Replaced NOT_COMPARED with byte-level SHA-256 after acquisition.
DOC-081,local_file_path,,sources/originals/Guia-Estudiante-Pregrado-2026.pdf,Downloaded and validated source file; local path recorded in manifest.
DOC-081,sha256,NOT_AVAILABLE_NO_LOCAL_FILE,188a6d151c9691a010db46025bac15e39547f407a03acf2f3fbf193f0e7534b8,Computed SHA-256 from acquired original bytes; value is reproducible from the local file.
DOC-081,duplicate_group,UNKNOWN_NO_LOCAL_BYTES,NO_BYTE_IDENTICAL_FILE_IN_ACQUIRED_SET,Updated from unknown/no local bytes to hash comparison over acquired files.
DOC-081,text_comparison,NOT_POSSIBLE_NO_LOCAL_EXTRACTED_TEXT,BYTE_HASHED_NO_EXACT_DUPLICATE_IN_ACQUIRED_SET; extracted-text comparison recorded separately,Updated after page-labelled extraction and comparison; see extracted comparison notes.
DOC-081,extraction_quality,NOT_ASSESSED_NO_LOCAL_DOCUMENT,TEXT_EXTRACTED_PAGE_LABELS; VISUAL_QA_REQUIRED,"Updated after validating PDF signature, extracting pages, and detecting scan-only pages."
DOC-081,manual_verification_required,"Download source attachment and inspect tables, prerequisites, footnotes, signatures, and scanned pages.","MuPDF warning: warning: ICC support is not available; Course/policy table terms detected; verify layout, footnotes, and row associations against rendered pages.",Updated with page/table/OCR verification needs found during extraction.
DOC-083,access_review,NOT_ATTEMPTED,RETRIEVED,Updated after successful source download and PDF signature validation.
DOC-083,review_note,Original inventory metadata reviewed; underlying document content not independently verified.,"Original inventory metadata reviewed; underlying document content not independently verified. Local source file acquired, PDF signature validated, SHA-256 recorded, and page-labelled extraction written; see sources/source_manifest.csv. Local source file acquired, PDF signature validated, SHA-256 recorded, and page-labelled extraction written; see sources/source_manifest.csv. Local source file acquired, PDF signature validated, SHA-256 recorded, and page-labelled extraction written; see sources/source_manifest.csv.","Updated with acquired source, extraction outcome, and page-level evidence."
DOC-083,file_identity,NOT_COMPARED,SHA256:bc4ab88021ea489b9d1d03434f3e5d9af757b832f5a201412662b4520e1a2dfe,Replaced NOT_COMPARED with byte-level SHA-256 after acquisition.
DOC-083,local_file_path,,sources/originals/Reglamento-Grados-Titulos-2022.pdf,Downloaded and validated source file; local path recorded in manifest.
DOC-083,sha256,NOT_AVAILABLE_NO_LOCAL_FILE,bc4ab88021ea489b9d1d03434f3e5d9af757b832f5a201412662b4520e1a2dfe,Computed SHA-256 from acquired original bytes; value is reproducible from the local file.
DOC-083,duplicate_group,UNKNOWN_NO_LOCAL_BYTES,NO_BYTE_IDENTICAL_FILE_IN_ACQUIRED_SET,Updated from unknown/no local bytes to hash comparison over acquired files.
DOC-083,text_comparison,NOT_POSSIBLE_NO_LOCAL_EXTRACTED_TEXT,NEAR_TEXT_CANDIDATE_DOC-084; normalized whole-package similarity 0.8521; distinct 2022 transition amendment,Updated after page-labelled extraction and comparison; see extracted comparison notes.
DOC-083,extraction_quality,NOT_ASSESSED_NO_LOCAL_DOCUMENT,TEXT_EXTRACTED_PAGE_LABELS; OCR_REQUIRED,"Updated after validating PDF signature, extracting pages, and detecting scan-only pages."
DOC-083,manual_verification_required,"Download source attachment and inspect tables, prerequisites, footnotes, signatures, and scanned pages.","MuPDF warning: warning: ICC support is not available | one or more image-only/empty-text pages detected; No text extracted on pages 7,8,9,10,11; OCR required.; Course/policy table terms detected; verify layout, footnotes, and row associations against rendered pages.",Updated with page/table/OCR verification needs found during extraction.
DOC-084,access_review,NOT_ATTEMPTED,RETRIEVED,Updated after successful source download and PDF signature validation.
DOC-084,review_note,Original inventory metadata reviewed; underlying document content not independently verified.,"Original inventory metadata reviewed; underlying document content not independently verified. Local source file acquired, PDF signature validated, SHA-256 recorded, and page-labelled extraction written; see sources/source_manifest.csv. Local source file acquired, PDF signature validated, SHA-256 recorded, and page-labelled extraction written; see sources/source_manifest.csv. Local source file acquired, PDF signature validated, SHA-256 recorded, and page-labelled extraction written; see sources/source_manifest.csv.","Updated with acquired source, extraction outcome, and page-level evidence."
DOC-084,file_identity,NOT_COMPARED,SHA256:ed69d42543a40a6004fc456dfd55e21d05031d5f0c9dcf56e9b781bf193fdf85,Replaced NOT_COMPARED with byte-level SHA-256 after acquisition.
DOC-084,local_file_path,,sources/originals/Reglamento-Grados-Titulos-2021.pdf,Downloaded and validated source file; local path recorded in manifest.
DOC-084,sha256,NOT_AVAILABLE_NO_LOCAL_FILE,ed69d42543a40a6004fc456dfd55e21d05031d5f0c9dcf56e9b781bf193fdf85,Computed SHA-256 from acquired original bytes; value is reproducible from the local file.
DOC-084,duplicate_group,UNKNOWN_NO_LOCAL_BYTES,NO_BYTE_IDENTICAL_FILE_IN_ACQUIRED_SET,Updated from unknown/no local bytes to hash comparison over acquired files.
DOC-084,text_comparison,NOT_POSSIBLE_NO_LOCAL_EXTRACTED_TEXT,NEAR_TEXT_CANDIDATE_DOC-083; normalized whole-package similarity 0.8521; retain separate editions,Updated after page-labelled extraction and comparison; see extracted comparison notes.
DOC-084,extraction_quality,NOT_ASSESSED_NO_LOCAL_DOCUMENT,TEXT_EXTRACTED_PAGE_LABELS; OCR_REQUIRED,"Updated after validating PDF signature, extracting pages, and detecting scan-only pages."
DOC-084,manual_verification_required,"Download source attachment and inspect tables, prerequisites, footnotes, signatures, and scanned pages.","MuPDF warning: warning: ICC support is not available | one or more image-only/empty-text pages detected; No text extracted on pages 6,7,8,9,10; OCR required.; Course/policy table terms detected; verify layout, footnotes, and row associations against rendered pages.",Updated with page/table/OCR verification needs found during extraction.
DOC-086,access_review,NOT_ATTEMPTED,RETRIEVED,Updated after successful source download and PDF signature validation.
DOC-086,review_note,Original inventory metadata reviewed; underlying document content not independently verified.,"Original inventory metadata reviewed; underlying document content not independently verified. Local source file acquired, PDF signature validated, SHA-256 recorded, and page-labelled extraction written; see sources/source_manifest.csv. Local source file acquired, PDF signature validated, SHA-256 recorded, and page-labelled extraction written; see sources/source_manifest.csv. Local source file acquired, PDF signature validated, SHA-256 recorded, and page-labelled extraction written; see sources/source_manifest.csv.","Updated with acquired source, extraction outcome, and page-level evidence."
DOC-086,file_identity,NOT_COMPARED,SHA256:2609fdbca84e3e01191d0c7401c96e61b16eab3b08b86f80a11e203844386755,Replaced NOT_COMPARED with byte-level SHA-256 after acquisition.
DOC-086,local_file_path,,sources/originals/Reglamento-Convalidacion-2021.pdf,Downloaded and validated source file; local path recorded in manifest.
DOC-086,sha256,NOT_AVAILABLE_NO_LOCAL_FILE,2609fdbca84e3e01191d0c7401c96e61b16eab3b08b86f80a11e203844386755,Computed SHA-256 from acquired original bytes; value is reproducible from the local file.
DOC-086,duplicate_group,UNKNOWN_NO_LOCAL_BYTES,NO_BYTE_IDENTICAL_FILE_IN_ACQUIRED_SET,Updated from unknown/no local bytes to hash comparison over acquired files.
DOC-086,text_comparison,NOT_POSSIBLE_NO_LOCAL_EXTRACTED_TEXT,BYTE_HASHED_NO_EXACT_DUPLICATE_IN_ACQUIRED_SET; extracted-text comparison recorded separately,Updated after page-labelled extraction and comparison; see extracted comparison notes.
DOC-086,extraction_quality,NOT_ASSESSED_NO_LOCAL_DOCUMENT,TEXT_EXTRACTED_PAGE_LABELS; VISUAL_QA_REQUIRED,"Updated after validating PDF signature, extracting pages, and detecting scan-only pages."
DOC-086,manual_verification_required,"Download source attachment and inspect tables, prerequisites, footnotes, signatures, and scanned pages.","MuPDF warning: warning: ICC support is not available; Course/policy table terms detected; verify layout, footnotes, and row associations against rendered pages.",Updated with page/table/OCR verification needs found during extraction.
DOC-103,access_review,NOT_ATTEMPTED,RETRIEVED,Updated after successful source download and PDF signature validation.
DOC-103,review_note,Original inventory metadata reviewed; underlying document content not independently verified.,"Original inventory metadata reviewed; underlying document content not independently verified. Local source file acquired, PDF signature validated, SHA-256 recorded, and page-labelled extraction written; see sources/source_manifest.csv. Local source file acquired, PDF signature validated, SHA-256 recorded, and page-labelled extraction written; see sources/source_manifest.csv. Local source file acquired, PDF signature validated, SHA-256 recorded, and page-labelled extraction written; see sources/source_manifest.csv.","Updated with acquired source, extraction outcome, and page-level evidence."
DOC-103,file_identity,NOT_COMPARED,SHA256:45ba2761c782371e946c1fe7ed85e58f6d2309f277dec311d201d8836193e321,Replaced NOT_COMPARED with byte-level SHA-256 after acquisition.
DOC-103,local_file_path,,sources/originals/FISI-Tramite-grado-bachiller.pdf,Downloaded and validated source file; local path recorded in manifest.
DOC-103,sha256,NOT_AVAILABLE_NO_LOCAL_FILE,45ba2761c782371e946c1fe7ed85e58f6d2309f277dec311d201d8836193e321,Computed SHA-256 from acquired original bytes; value is reproducible from the local file.
DOC-103,duplicate_group,UNKNOWN_NO_LOCAL_BYTES,NO_BYTE_IDENTICAL_FILE_IN_ACQUIRED_SET,Updated from unknown/no local bytes to hash comparison over acquired files.
DOC-103,text_comparison,NOT_POSSIBLE_NO_LOCAL_EXTRACTED_TEXT,BYTE_HASHED_NO_EXACT_DUPLICATE_IN_ACQUIRED_SET; extracted-text comparison recorded separately,Updated after page-labelled extraction and comparison; see extracted comparison notes.
DOC-103,extraction_quality,NOT_ASSESSED_NO_LOCAL_DOCUMENT,TEXT_EXTRACTED_PAGE_LABELS; VISUAL_QA_REQUIRED,"Updated after validating PDF signature, extracting pages, and detecting scan-only pages."
DOC-103,manual_verification_required,"Download source attachment and inspect tables, prerequisites, footnotes, signatures, and scanned pages.",MuPDF warning: warning: ICC support is not available,Updated with page/table/OCR verification needs found during extraction.
DOC-104,access_review,NOT_ATTEMPTED,RETRIEVED,Updated after successful source download and PDF signature validation.
DOC-104,review_note,Original inventory metadata reviewed; underlying document content not independently verified.,"Original inventory metadata reviewed; underlying document content not independently verified. Local source file acquired, PDF signature validated, SHA-256 recorded, and page-labelled extraction written; see sources/source_manifest.csv. Local source file acquired, PDF signature validated, SHA-256 recorded, and page-labelled extraction written; see sources/source_manifest.csv. Local source file acquired, PDF signature validated, SHA-256 recorded, and page-labelled extraction written; see sources/source_manifest.csv.","Updated with acquired source, extraction outcome, and page-level evidence."
DOC-104,file_identity,NOT_COMPARED,SHA256:339e4a6cef0f4840555fb79aa98a504cdd0264e6ae0bd2f1e6ce735125ddef9e,Replaced NOT_COMPARED with byte-level SHA-256 after acquisition.
DOC-104,local_file_path,,sources/originals/FISI-Tramite-titulo-profesional.pdf,Downloaded and validated source file; local path recorded in manifest.
DOC-104,sha256,NOT_AVAILABLE_NO_LOCAL_FILE,339e4a6cef0f4840555fb79aa98a504cdd0264e6ae0bd2f1e6ce735125ddef9e,Computed SHA-256 from acquired original bytes; value is reproducible from the local file.
DOC-104,duplicate_group,UNKNOWN_NO_LOCAL_BYTES,NO_BYTE_IDENTICAL_FILE_IN_ACQUIRED_SET,Updated from unknown/no local bytes to hash comparison over acquired files.
DOC-104,text_comparison,NOT_POSSIBLE_NO_LOCAL_EXTRACTED_TEXT,BYTE_HASHED_NO_EXACT_DUPLICATE_IN_ACQUIRED_SET; extracted-text comparison recorded separately,Updated after page-labelled extraction and comparison; see extracted comparison notes.
DOC-104,extraction_quality,NOT_ASSESSED_NO_LOCAL_DOCUMENT,TEXT_EXTRACTED_PAGE_LABELS; VISUAL_QA_REQUIRED,"Updated after validating PDF signature, extracting pages, and detecting scan-only pages."
DOC-104,manual_verification_required,"Download source attachment and inspect tables, prerequisites, footnotes, signatures, and scanned pages.",MuPDF warning: warning: ICC support is not available,Updated with page/table/OCR verification needs found during extraction.
DOC-105,access_review,NOT_ATTEMPTED,RETRIEVED,Updated after successful source download and PDF signature validation.
DOC-105,review_note,Original inventory metadata reviewed; underlying document content not independently verified.,"Original inventory metadata reviewed; underlying document content not independently verified. Local source file acquired, PDF signature validated, SHA-256 recorded, and page-labelled extraction written; see sources/source_manifest.csv. Local source file acquired, PDF signature validated, SHA-256 recorded, and page-labelled extraction written; see sources/source_manifest.csv. Local source file acquired, PDF signature validated, SHA-256 recorded, and page-labelled extraction written; see sources/source_manifest.csv.","Updated with acquired source, extraction outcome, and page-level evidence."
DOC-105,file_identity,NOT_COMPARED,SHA256:8cdf092272638c721e7dc9550bad01005315acd0c6f663ad6818222f1571d933,Replaced NOT_COMPARED with byte-level SHA-256 after acquisition.
DOC-105,local_file_path,,sources/originals/FISI-flujograma-reactualizacion-reserva.pdf,Downloaded and validated source file; local path recorded in manifest.
DOC-105,sha256,NOT_AVAILABLE_NO_LOCAL_FILE,8cdf092272638c721e7dc9550bad01005315acd0c6f663ad6818222f1571d933,Computed SHA-256 from acquired original bytes; value is reproducible from the local file.
DOC-105,duplicate_group,UNKNOWN_NO_LOCAL_BYTES,NO_BYTE_IDENTICAL_FILE_IN_ACQUIRED_SET,Updated from unknown/no local bytes to hash comparison over acquired files.
DOC-105,text_comparison,NOT_POSSIBLE_NO_LOCAL_EXTRACTED_TEXT,BYTE_HASHED_NO_EXACT_DUPLICATE_IN_ACQUIRED_SET; extracted-text comparison recorded separately,Updated after page-labelled extraction and comparison; see extracted comparison notes.
DOC-105,extraction_quality,NOT_ASSESSED_NO_LOCAL_DOCUMENT,TEXT_EXTRACTED_PAGE_LABELS; VISUAL_QA_REQUIRED,"Updated after validating PDF signature, extracting pages, and detecting scan-only pages."
DOC-105,manual_verification_required,"Download source attachment and inspect tables, prerequisites, footnotes, signatures, and scanned pages.",MuPDF warning: warning: ICC support is not available,Updated with page/table/OCR verification needs found during extraction.
DOC-117,access_review,NOT_ATTEMPTED,RETRIEVED,Updated after successful source download and PDF signature validation.
DOC-117,review_note,Original inventory metadata reviewed; underlying document content not independently verified.,"Original inventory metadata reviewed; underlying document content not independently verified. Local source file acquired, PDF signature validated, SHA-256 recorded, and page-labelled extraction written; see sources/source_manifest.csv. Local source file acquired, PDF signature validated, SHA-256 recorded, and page-labelled extraction written; see sources/source_manifest.csv. Local source file acquired, PDF signature validated, SHA-256 recorded, and page-labelled extraction written; see sources/source_manifest.csv.","Updated with acquired source, extraction outcome, and page-level evidence."
DOC-117,file_identity,NOT_COMPARED,SHA256:392f7ffff354a913e2608f7b0814a9a17f6413680d54e569f04b10ed8004abe1,Replaced NOT_COMPARED with byte-level SHA-256 after acquisition.
DOC-117,local_file_path,,sources/originals/Reglamento-Evaluacion-Pregrado-RR-007510-2021.pdf,Downloaded and validated source file; local path recorded in manifest.
DOC-117,sha256,NOT_AVAILABLE_NO_LOCAL_FILE,392f7ffff354a913e2608f7b0814a9a17f6413680d54e569f04b10ed8004abe1,Computed SHA-256 from acquired original bytes; value is reproducible from the local file.
DOC-117,duplicate_group,UNKNOWN_NO_LOCAL_BYTES,NO_BYTE_IDENTICAL_FILE_IN_ACQUIRED_SET,Updated from unknown/no local bytes to hash comparison over acquired files.
DOC-117,text_comparison,NOT_POSSIBLE_NO_LOCAL_EXTRACTED_TEXT,BYTE_HASHED_NO_EXACT_DUPLICATE_IN_ACQUIRED_SET; extracted-text comparison recorded separately,Updated after page-labelled extraction and comparison; see extracted comparison notes.
DOC-117,extraction_quality,NOT_ASSESSED_NO_LOCAL_DOCUMENT,TEXT_EXTRACTED_PAGE_LABELS; VISUAL_QA_REQUIRED,"Updated after validating PDF signature, extracting pages, and detecting scan-only pages."
DOC-117,manual_verification_required,"Download source attachment and inspect tables, prerequisites, footnotes, signatures, and scanned pages.","MuPDF warning: warning: ICC support is not available; Course/policy table terms detected; verify layout, footnotes, and row associations against rendered pages.",Updated with page/table/OCR verification needs found during extraction.
DOC-118,review_note,Playwright body text verified; exact stated cycle routes preserved. The underlying council decision and plan equivalency documents are not attached.,Official FISI notice says Plan 2009 valid through 2021-II and gives cycle-group routes. DOC-130 p.5 independently supports end from 2022-I; the acquired Council minutes do not verify the notice's cycle-group routes.,"Updated with acquired source, extraction outcome, and page-level evidence."
DOC-120,access_review,RETRIEVED_BROWSER_ONLY,RETRIEVED,Updated after successful source download and PDF signature validation.
DOC-120,review_note,"Retrieved/rendered in Playwright PDF viewer and inspected as page screenshots 1–2. No local PDF file was saved, so no hash or text extraction is available. Table transcription and signature metadata require independent manual QA before indexing.","Attachment downloaded from official Gob.pe record, PDF signature validated; Playwright visual review and per-page text extraction confirm EP Ingeniería de Sistemas and two corrected equivalency rows. Local hash and extraction recorded; manual second-person table QA remains required.","Updated with acquired source, extraction outcome, and page-level evidence."
DOC-120,file_identity,Attachment URL distinct from HTML record; local bytes unavailable; NOT_HASHED,SHA256:18e60ff931b699d2b6ed2ef9ec28ed16be1b658efc81baff19d2df1bf95c2fbb,Replaced NOT_COMPARED with byte-level SHA-256 after acquisition.
DOC-120,local_file_path,,sources/originals/RR-000046-2026-R-UNMSM.pdf,Downloaded and validated source file; local path recorded in manifest.
DOC-120,sha256,NOT_AVAILABLE_NO_LOCAL_FILE,18e60ff931b699d2b6ed2ef9ec28ed16be1b658efc81baff19d2df1bf95c2fbb,Computed SHA-256 from acquired original bytes; value is reproducible from the local file.
DOC-120,duplicate_group,UNKNOWN_NO_LOCAL_BYTES,NO_BYTE_IDENTICAL_FILE_IN_ACQUIRED_SET,Updated from unknown/no local bytes to hash comparison over acquired files.
DOC-120,text_comparison,NOT_POSSIBLE_NO_LOCAL_EXTRACTED_TEXT,BYTE_HASHED_NO_EXACT_DUPLICATE_IN_ACQUIRED_SET; extracted-text comparison recorded separately,Updated after page-labelled extraction and comparison; see extracted comparison notes.
DOC-120,extraction_quality,VISUAL_REVIEWED_TABLE_UNVERIFIED,TEXT_EXTRACTED_PAGE_LABELS; VISUAL_QA_REQUIRED,"Updated after validating PDF signature, extracting pages, and detecting scan-only pages."
DOC-120,manual_verification_required,"Manual table transcription, footnotes, and signature validation required.","MuPDF warning: warning: ICC support is not available; Course/policy table terms detected; verify layout, footnotes, and row associations against rendered pages.",Updated with page/table/OCR verification needs found during extraction.
