doc_id,title,exact_source_url,discovery_page,retrieval_date,local_path,file_type,size_bytes,sha256,download_validation,extraction_path,extracted_pages,ocr_need,manual_table_review,extraction_notes
DOC-008,Cronograma de Actividades Académicas de Pregrado 2026 (anexo),https://sum.unmsm.edu.pe/assets/cronograma/ANEXO_RR-014408-2025-R.pdf,https://sum.unmsm.edu.pe/pregrado.htm,2026-09-29 (America/Lima),sources/originals/Cronograma-Pregrado-2026-anexo.pdf,PDF,602245,81c91c2fadf66d5d15076992dded544e45a622656eb313709bf0e23234a849e6,VALID_PDF_SIGNATURE,sources/extracted/Cronograma-Pregrado-2026-anexo.txt,2,NOT_INDICATED_BY_EMPTY_TEXT; VISUALLY_CHECK_SCANS,YES_MANUAL,"Per-page text extracted with MuPDF; page labels inserted. MuPDF warning: warning: ICC support is not available Course/policy table terms detected; verify layout, footnotes, and row associations against rendered pages."
DOC-022,Directiva SUM 001-2021: pautas para registro de Plan de Estudios,https://sum.unmsm.edu.pe/assets/DIRECTIVAS/Directiva001-2021.pdf,https://sum.unmsm.edu.pe/directivas.htm,2026-09-29 (America/Lima),sources/originals/Directiva-SUM-001-2021-registro-plan.pdf,PDF,171472,9748940f94df4b97a388b8da88cbddfe722bd295cc53b94a0333a67a4d0c5c5d,VALID_PDF_SIGNATURE,sources/extracted/Directiva-SUM-001-2021-registro-plan.txt,2,NOT_INDICATED_BY_EMPTY_TEXT; VISUALLY_CHECK_SCANS,YES_MANUAL,"Per-page text extracted with MuPDF; page labels inserted. MuPDF warning: warning: ICC support is not available Course/policy table terms detected; verify layout, footnotes, and row associations against rendered pages."
DOC-029,Directiva SUM 005: trámite de reactualización de matrícula,https://sum.unmsm.edu.pe/assets/DIRECTIVAS/Directiva005.pdf,https://sum.unmsm.edu.pe/directivas.htm,2026-09-29 (America/Lima),sources/originals/Directiva-SUM-005-reactualizacion.pdf,PDF,80541,41480619652daa9b1e893b47f48e1ae310f38e481519488955cc0f37f3f07efe,VALID_PDF_SIGNATURE,sources/extracted/Directiva-SUM-005-reactualizacion.txt,2,NOT_INDICATED_BY_EMPTY_TEXT; VISUALLY_CHECK_SCANS,YES_MANUAL,"Per-page text extracted with MuPDF; page labels inserted. MuPDF warning: warning: ICC support is not available Course/policy table terms detected; verify layout, footnotes, and row associations against rendered pages."
DOC-030,Directiva SUM 006: trámite de rectificación de matrícula,https://sum.unmsm.edu.pe/assets/DIRECTIVAS/Directiva006.pdf,https://sum.unmsm.edu.pe/directivas.htm,2026-09-29 (America/Lima),sources/originals/Directiva-SUM-006-rectificacion.pdf,PDF,95443,a0a96aa2364c1b72e3f938e325ec4dab69c93f47aced6d82dce9af6639856a63,VALID_PDF_SIGNATURE,sources/extracted/Directiva-SUM-006-rectificacion.txt,2,NOT_INDICATED_BY_EMPTY_TEXT; VISUALLY_CHECK_SCANS,YES_MANUAL,"Per-page text extracted with MuPDF; page labels inserted. MuPDF warning: warning: ICC support is not available Course/policy table terms detected; verify layout, footnotes, and row associations against rendered pages."
DOC-031,Directiva SUM 007: trámite de convalidación de asignaturas,https://sum.unmsm.edu.pe/assets/DIRECTIVAS/Directiva007.pdf,https://sum.unmsm.edu.pe/directivas.htm,2026-09-29 (America/Lima),sources/originals/Directiva-SUM-007-convalidacion.pdf,PDF,297683,f8ef1e4653c73aea5e9522a7877bbc76c1875ac73359268f58d17dec5ac68ddd,VALID_PDF_SIGNATURE,sources/extracted/Directiva-SUM-007-convalidacion.txt,2,NOT_INDICATED_BY_EMPTY_TEXT; VISUALLY_CHECK_SCANS,YES_MANUAL,"Per-page text extracted with MuPDF; page labels inserted. MuPDF warning: warning: ICC support is not available Course/policy table terms detected; verify layout, footnotes, and row associations against rendered pages."
DOC-033,Directiva SUM 008: trámite de equivalencia de asignaturas,https://sum.unmsm.edu.pe/assets/DIRECTIVAS/Directiva008.pdf,https://sum.unmsm.edu.pe/directivas.htm,2026-09-29 (America/Lima),sources/originals/Directiva-SUM-008-equivalencia.pdf,PDF,271751,add48f80900bbbfd4953dd68919c046f5eac389ce64d2248b6effc5206e0b7bb,VALID_PDF_SIGNATURE,sources/extracted/Directiva-SUM-008-equivalencia.txt,1,NOT_INDICATED_BY_EMPTY_TEXT; VISUALLY_CHECK_SCANS,YES_MANUAL,"Per-page text extracted with MuPDF; page labels inserted. MuPDF warning: warning: ICC support is not available Course/policy table terms detected; verify layout, footnotes, and row associations against rendered pages."
DOC-035,Directiva SUM 009: trámite de reserva de matrícula,https://sum.unmsm.edu.pe/assets/DIRECTIVAS/Directiva009.pdf,https://sum.unmsm.edu.pe/directivas.htm,2026-09-29 (America/Lima),sources/originals/Directiva-SUM-009-reserva.pdf,PDF,80594,384e2a46cdab43f91ef51376ada513f65d23132745835ae6435ac032848a6171,VALID_PDF_SIGNATURE,sources/extracted/Directiva-SUM-009-reserva.txt,1,NOT_INDICATED_BY_EMPTY_TEXT; VISUALLY_CHECK_SCANS,NO_TABLE_CUE_DETECTED,Per-page text extracted with MuPDF; page labels inserted. MuPDF warning: warning: ICC support is not available
DOC-036,Directiva SUM 010: trámite de matrícula extemporanea,https://sum.unmsm.edu.pe/assets/DIRECTIVAS/Directiva10.pdf,https://sum.unmsm.edu.pe/directivas.htm,2026-09-29 (America/Lima),sources/originals/Directiva-SUM-010-extemporanea.pdf,PDF,85663,0e0243ba4288542cad0b73c05acd68845ee9a7dd38c6664dc5d0bd2556f81310,VALID_PDF_SIGNATURE,sources/extracted/Directiva-SUM-010-extemporanea.txt,1,NOT_INDICATED_BY_EMPTY_TEXT; VISUALLY_CHECK_SCANS,YES_MANUAL,"Per-page text extracted with MuPDF; page labels inserted. MuPDF warning: warning: ICC support is not available Course/policy table terms detected; verify layout, footnotes, and row associations against rendered pages."
DOC-037,Directiva SUM 011: trámite de registro de plan de estudios,https://sum.unmsm.edu.pe/assets/DIRECTIVAS/Directiva11.pdf,https://sum.unmsm.edu.pe/directivas.htm,2026-09-29 (America/Lima),sources/originals/Directiva-SUM-011-registro-plan.pdf,PDF,80553,8d23d35216cefd29bd657324d3eb6d8a9a0220a300df8b7a7c1378a0ec88cdb3,VALID_PDF_SIGNATURE,sources/extracted/Directiva-SUM-011-registro-plan.txt,1,NOT_INDICATED_BY_EMPTY_TEXT; VISUALLY_CHECK_SCANS,YES_MANUAL,"Per-page text extracted with MuPDF; page labels inserted. MuPDF warning: warning: ICC support is not available Course/policy table terms detected; verify layout, footnotes, and row associations against rendered pages."
DOC-126,Directiva de acreditación de idioma extranjero en Pregrado UNMSM,https://viceacademico.unmsm.edu.pe/wp-content/uploads/2024/11/DIRECTIVA-DE-ACREDITACI%C3%93N-DE-IDIOMA-EXTRANJERO-EN-PREGRADO_UNMSM.pdf,https://viceacademico.unmsm.edu.pe/?page_id=8731,2026-09-29 (America/Lima),sources/originals/Directiva-idioma-extranjero-pregrado-2024.pdf,PDF,145289,1aea7001262483eadb7bf7c9cc249e9f5e6fb7141d4ea5ae99b604369d342dfc,VALID_PDF_SIGNATURE; CURL_TLS_CHAIN_NOT_VALIDATED (Playwright official source/link was separately verified),sources/extracted/Directiva-idioma-extranjero-pregrado-2024.txt,9,NOT_INDICATED_BY_EMPTY_TEXT; VISUALLY_CHECK_SCANS,YES_MANUAL,"Per-page text extracted with MuPDF; page labels inserted. MuPDF warning: warning: ICC support is not available Course/policy table terms detected; verify layout, footnotes, and row associations against rendered pages."
DOC-127,"Directiva general de investigación, tesis y trabajo de suficiencia para grados/títulos (RR 00744-R-20)",https://viceacademico.unmsm.edu.pe/wp-content/uploads/2020/09/Directiva-General-para-trabajo-de-investigaci%C3%B3n-para-Bachiller-tesis-o-trabajo-de-suficiencia-para-t%C3%ADtulo-profesional.-RR-N%C2%BA-00744-R-20-del-18-de-febrero-del-2020..pdf,https://viceacademico.unmsm.edu.pe/?page_id=8731,2026-09-29 (America/Lima),sources/originals/Directiva-investigacion-grados-titulos-RR-00744-2020.pdf,PDF,4795484,83af492c0e24ffb469cabf1edaa42944fa5d4d9307c57b77dbcb6834f08d8720,VALID_PDF_SIGNATURE; CURL_TLS_CHAIN_NOT_VALIDATED (Playwright official source/link was separately verified),sources/extracted/Directiva-investigacion-grados-titulos-RR-00744-2020.txt,18,"REQUIRED_PAGES_3,4,5,6,7,8,9,10,11,12,13,14,15,16,17,18",NO_TABLE_CUE_DETECTED,"Per-page text extracted with MuPDF; page labels inserted. MuPDF warning: warning: ICC support is not available | one or more image-only/empty-text pages detected No text extracted on pages 3,4,5,6,7,8,9,10,11,12,13,14,15,16,17,18; OCR required."
DOC-130,"Acta Consejo de Facultad Virtual N.° 17, Sesión Ordinaria 12 (2020-09-22)",https://sistemas.unmsm.edu.pe/site/rd?task=download.send&id=16&catid=5&m=0,https://sistemas.unmsm.edu.pe/site/rd?task=download.send&id=16&catid=5&m=0,2026-09-29 (America/Lima),sources/originals/FISI-Acta-Consejo-Facultad-2020-09-22-virtual17-ordinaria12.pdf,PDF,1043165,8308d7e136cf3307f3c5fd21b80bbbe60393e4c026a571e518f9d23ebb89efc5,VALID_PDF_SIGNATURE; CURL_TLS_CHAIN_NOT_VALIDATED (Playwright official source/link was separately verified),sources/extracted/FISI-Acta-Consejo-Facultad-2020-09-22-virtual17-ordinaria12.txt,11,NOT_INDICATED_BY_EMPTY_TEXT; VISUALLY_CHECK_SCANS,YES_MANUAL,"Per-page text extracted with MuPDF; page labels inserted. MuPDF warning: warning: ICC support is not available Course/policy table terms detected; verify layout, footnotes, and row associations against rendered pages."
DOC-128,"Acta Consejo de Facultad Virtual N.° 23, Sesión Ordinaria 13 (2021-07-20)",https://sistemas.unmsm.edu.pe/site/rd?task=download.send&id=145&catid=6&m=0,https://sistemas.unmsm.edu.pe/site/resoluciones-decanales,2026-09-29 (America/Lima),sources/originals/FISI-Acta-Consejo-Facultad-2021-07-20-sesion-13.pdf,PDF,446353,a44e5fa1761bd73f682ffb679563b9058b950e297286faa66d592d1ab3e8a32b,VALID_PDF_SIGNATURE; CURL_TLS_CHAIN_NOT_VALIDATED (Playwright official source/link was separately verified),sources/extracted/FISI-Acta-Consejo-Facultad-2021-07-20-sesion-13.txt,6,NOT_INDICATED_BY_EMPTY_TEXT; VISUALLY_CHECK_SCANS,YES_MANUAL,"Per-page text extracted with MuPDF; page labels inserted. MuPDF warning: warning: ICC support is not available Course/policy table terms detected; verify layout, footnotes, and row associations against rendered pages."
DOC-129,"Acta Consejo de Facultad Virtual N.° 24, Sesión Ordinaria 14 (2021-07-27)",https://sistemas.unmsm.edu.pe/site/rd?task=download.send&id=146&catid=6&m=0,https://sistemas.unmsm.edu.pe/site/resoluciones-decanales,2026-09-29 (America/Lima),sources/originals/FISI-Acta-Consejo-Facultad-2021-07-27-sesion-14.pdf,PDF,479910,baf3c3cade0a1ca54d4ad7a6e5c516aca65aac8bee3d2f5e552d900302ab50ea,VALID_PDF_SIGNATURE; CURL_TLS_CHAIN_NOT_VALIDATED (Playwright official source/link was separately verified),sources/extracted/FISI-Acta-Consejo-Facultad-2021-07-27-sesion-14.txt,6,NOT_INDICATED_BY_EMPTY_TEXT; VISUALLY_CHECK_SCANS,YES_MANUAL,"Per-page text extracted with MuPDF; page labels inserted. MuPDF warning: warning: ICC support is not available Course/policy table terms detected; verify layout, footnotes, and row associations against rendered pages."
DOC-103,Trámite grado académico de bachiller (FISI),https://sistemas.unmsm.edu.pe/site/images/pdf/noticias/Tramite_Grado_Academico_Bachiller_MAT_2.pdf,https://sistemas.unmsm.edu.pe/site/noticias/35-importante/772-comunicado-requisitos-para-sustentar-su-grado-de-bachiller-en-la-mencion-de-sistemas-informaticos,2026-09-29 (America/Lima),sources/originals/FISI-Tramite-grado-bachiller.pdf,PDF,514662,45ba2761c782371e946c1fe7ed85e58f6d2309f277dec311d201d8836193e321,VALID_PDF_SIGNATURE; CURL_TLS_CHAIN_NOT_VALIDATED (Playwright official source/link was separately verified),sources/extracted/FISI-Tramite-grado-bachiller.txt,1,NOT_INDICATED_BY_EMPTY_TEXT; VISUALLY_CHECK_SCANS,NO_TABLE_CUE_DETECTED,Per-page text extracted with MuPDF; page labels inserted. MuPDF warning: warning: ICC support is not available
DOC-104,Trámite de titulo profesional (FISI),https://sistemas.unmsm.edu.pe/site/images/pdf/Tramite_Titulo_Profesional_MAT.pdf,https://sistemas.unmsm.edu.pe/site/noticias/35-importante/772-comunicado-requisitos-para-sustentar-su-grado-de-bachiller-en-la-mencion-de-sistemas-informaticos,2026-09-29 (America/Lima),sources/originals/FISI-Tramite-titulo-profesional.pdf,PDF,506280,339e4a6cef0f4840555fb79aa98a504cdd0264e6ae0bd2f1e6ce735125ddef9e,VALID_PDF_SIGNATURE; CURL_TLS_CHAIN_NOT_VALIDATED (Playwright official source/link was separately verified),sources/extracted/FISI-Tramite-titulo-profesional.txt,1,NOT_INDICATED_BY_EMPTY_TEXT; VISUALLY_CHECK_SCANS,NO_TABLE_CUE_DETECTED,Per-page text extracted with MuPDF; page labels inserted. MuPDF warning: warning: ICC support is not available
DOC-105,Flujograma de matrícula - reactualización - reserva (FISI),https://sistemas.unmsm.edu.pe/site/images/pdf/Flujograma_de_Matricula_-_Reactualizacion_-_Reserva.pdf,https://sistemas.unmsm.edu.pe/site/pregrado/ingenieria-de-sistemas,2026-09-29 (America/Lima),sources/originals/FISI-flujograma-reactualizacion-reserva.pdf,PDF,303727,8cdf092272638c721e7dc9550bad01005315acd0c6f663ad6818222f1571d933,VALID_PDF_SIGNATURE; CURL_TLS_CHAIN_NOT_VALIDATED (Playwright official source/link was separately verified),sources/extracted/FISI-flujograma-reactualizacion-reserva.txt,1,NOT_INDICATED_BY_EMPTY_TEXT; VISUALLY_CHECK_SCANS,NO_TABLE_CUE_DETECTED,Per-page text extracted with MuPDF; page labels inserted. MuPDF warning: warning: ICC support is not available
DOC-081,Guia del Estudiante de Pregrado 2026,https://viceacademico.unmsm.edu.pe/wp-content/uploads/2026/02/Gu%C3%ADa-del-estudiante-de-pregrado-2026.pdf,https://viceacademico.unmsm.edu.pe/?page_id=8731,2026-09-29 (America/Lima),sources/originals/Guia-Estudiante-Pregrado-2026.pdf,PDF,1476259,188a6d151c9691a010db46025bac15e39547f407a03acf2f3fbf193f0e7534b8,VALID_PDF_SIGNATURE; CURL_TLS_CHAIN_NOT_VALIDATED (Playwright official source/link was separately verified),sources/extracted/Guia-Estudiante-Pregrado-2026.txt,34,NOT_INDICATED_BY_EMPTY_TEXT; VISUALLY_CHECK_SCANS,YES_MANUAL,"Per-page text extracted with MuPDF; page labels inserted. MuPDF warning: warning: ICC support is not available Course/policy table terms detected; verify layout, footnotes, and row associations against rendered pages."
DOC-072,Ley 30220 Ley Universitaria (PDF SUM),https://sum.unmsm.edu.pe/assets/Ley%20Universitaria/Ley_Universitaria_30220.PDF,https://sum.unmsm.edu.pe/leyuniversitaria.htm,2026-09-29 (America/Lima),sources/originals/Ley-Universitaria-30220-SUM.pdf,PDF,190297,a74b468ba467a3b0b763977fb206d3253e39b9b1f0e1f2543b0f583f3eb4e7cd,VALID_PDF_SIGNATURE,sources/extracted/Ley-Universitaria-30220-SUM.txt,21,NOT_INDICATED_BY_EMPTY_TEXT; VISUALLY_CHECK_SCANS,YES_MANUAL,"Per-page text extracted with MuPDF; page labels inserted. MuPDF warning: warning: ICC support is not available Course/policy table terms detected; verify layout, footnotes, and row associations against rendered pages."
DOC-125,"FISI programación de asignaturas — Ciencia de la Computación, Plan 2023",https://sistemas.unmsm.edu.pe/site/images/pdf/programacionAsignaturas_CIENCIA_DE_LA_COMPUTACION_PLAN_2023.pdf,https://sistemas.unmsm.edu.pe/site/pregrado/ep-ciencia-de-la-computacion,2026-09-29 (America/Lima),sources/originals/Programacion-asignaturas-Ciencia-Computacion-Plan-2023.pdf,PDF,228972,6f3d507a17b05709c07030c0944749b4826a40e4310b2245b1b7f7101bddd0f4,VALID_PDF_SIGNATURE; CURL_TLS_CHAIN_NOT_VALIDATED (Playwright official source/link was separately verified),sources/extracted/Programacion-asignaturas-Ciencia-Computacion-Plan-2023.txt,2,NOT_INDICATED_BY_EMPTY_TEXT; VISUALLY_CHECK_SCANS,YES_MANUAL,"Per-page text extracted with MuPDF; page labels inserted. MuPDF warning: warning: ICC support is not available Course/policy table terms detected; verify layout, footnotes, and row associations against rendered pages."
DOC-123,"FISI programación de asignaturas — Ingeniería de Sistemas, Plan 2018",https://sistemas.unmsm.edu.pe/site/images/pdf/programacionAsignaturas_SISTEMAS_PLAN_2018.pdf,https://sistemas.unmsm.edu.pe/site/pregrado/ingenieria-de-sistemas,2026-09-29 (America/Lima),sources/originals/Programacion-asignaturas-Sistemas-Plan-2018.pdf,PDF,464708,4d7d7cc44d17eaf5eecbf6a259784dee6ccf922fa91779fcf651f241d02600b4,VALID_PDF_SIGNATURE; CURL_TLS_CHAIN_NOT_VALIDATED (Playwright official source/link was separately verified),sources/extracted/Programacion-asignaturas-Sistemas-Plan-2018.txt,4,NOT_INDICATED_BY_EMPTY_TEXT; VISUALLY_CHECK_SCANS,YES_MANUAL,"Per-page text extracted with MuPDF; page labels inserted. MuPDF warning: warning: ICC support is not available Course/policy table terms detected; verify layout, footnotes, and row associations against rendered pages."
DOC-124,"FISI programación de asignaturas — Ingeniería de Software, Plan 2018",https://sistemas.unmsm.edu.pe/site/images/pdf/programacionAsignaturas_SOFTWARE_PLAN_2018.pdf,https://sistemas.unmsm.edu.pe/site/pregrado/ingenieria-de-software,2026-09-29 (America/Lima),sources/originals/Programacion-asignaturas-Software-Plan-2018.pdf,PDF,461704,c8a013d1bc4f89229bd4eab7f0034c3ddfcc9a01a4722ed6c23af12e4ca8cbf7,VALID_PDF_SIGNATURE; CURL_TLS_CHAIN_NOT_VALIDATED (Playwright official source/link was separately verified),sources/extracted/Programacion-asignaturas-Software-Plan-2018.txt,4,NOT_INDICATED_BY_EMPTY_TEXT; VISUALLY_CHECK_SCANS,YES_MANUAL,"Per-page text extracted with MuPDF; page labels inserted. MuPDF warning: warning: ICC support is not available Course/policy table terms detected; verify layout, footnotes, and row associations against rendered pages."
DOC-121,RD 000163-2023-D-FISI: Programa Curricular 2023 de Ingeniería de Sistemas,https://sistemas.unmsm.edu.pe/site/resoluciones-decanales/category/3-rd-2023?download=173:rd-151-200&start=160,https://sistemas.unmsm.edu.pe/site/resoluciones-decanales/category/3-rd-2023?limit=20&start=160,2026-09-29 (America/Lima),sources/originals/RD-000163-2023-D-FISI-programa-curricular-2023.pdf,PDF,121752,404a178886d4ade76b9a28b681af435d7be0c2250cd9b3ed837c45e46e4985f3,VALID_PDF_SIGNATURE; CURL_TLS_CHAIN_NOT_VALIDATED (Playwright official source/link was separately verified),sources/extracted/RD-000163-2023-D-FISI-programa-curricular-2023.txt,1,NOT_INDICATED_BY_EMPTY_TEXT; VISUALLY_CHECK_SCANS,YES_MANUAL,"Per-page text extracted with MuPDF; page labels inserted. MuPDF warning: warning: ICC support is not available Course/policy table terms detected; verify layout, footnotes, and row associations against rendered pages."
DOC-122,RD 000609-2022-D-FISI: equivalency table Plan 2014 to Plan 2018,https://sistemas.unmsm.edu.pe/site/resoluciones-decanales/category/4-rd-2022?download=2522:rd-601-700&start=700,https://sistemas.unmsm.edu.pe/site/resoluciones-decanales/category/4-rd-2022?limit=20&start=700,2026-09-29 (America/Lima),sources/originals/RD-000609-2022-D-FISI-equivalencias-plan-2014-2018.pdf,PDF,138067,39be7311896ec624780e883ea0a8d93331d6f43cea3925e2058b417203fb9138,VALID_PDF_SIGNATURE; CURL_TLS_CHAIN_NOT_VALIDATED (Playwright official source/link was separately verified),sources/extracted/RD-000609-2022-D-FISI-equivalencias-plan-2014-2018.txt,1,NOT_INDICATED_BY_EMPTY_TEXT; VISUALLY_CHECK_SCANS,YES_MANUAL,"Per-page text extracted with MuPDF; page labels inserted. MuPDF warning: warning: ICC support is not available Course/policy table terms detected; verify layout, footnotes, and row associations against rendered pages."
DOC-120,"Signed attachment: RR 000046-2026-R/UNMSM and amended equivalency table, EP Ingeniería de Sistemas",https://cdn.www.gob.pe/uploads/document/file/9263767/7601870-resolucion-rectoral-n-000046-2026-r-unmsm.pdf?v=1767903832,https://www.gob.pe/institucion/unmsm/normas-legales/7601870-000046-2026-r-unmsm,2026-09-29 (America/Lima),sources/originals/RR-000046-2026-R-UNMSM.pdf,PDF,241107,18e60ff931b699d2b6ed2ef9ec28ed16be1b658efc81baff19d2df1bf95c2fbb,VALID_PDF_SIGNATURE,sources/extracted/RR-000046-2026-R-UNMSM.txt,2,NOT_INDICATED_BY_EMPTY_TEXT; VISUALLY_CHECK_SCANS,YES_MANUAL,"Per-page text extracted with MuPDF; page labels inserted. MuPDF warning: warning: ICC support is not available Course/policy table terms detected; verify layout, footnotes, and row associations against rendered pages."
DOC-005,RR 002642-2026-R,https://sum.unmsm.edu.pe/assets/ReglamentoCompleto/RR-002642.pdf,https://sum.unmsm.edu.pe/reglamentomat.htm,2026-09-29 (America/Lima),sources/originals/RR-002642-2026-R.pdf,PDF,380814,0473bfedd7e857eeccae79bc60da5893e803c77ea4b5ec699bfef8bd06e638c0,VALID_PDF_SIGNATURE,sources/extracted/RR-002642-2026-R.txt,2,NOT_INDICATED_BY_EMPTY_TEXT; VISUALLY_CHECK_SCANS,YES_MANUAL,"Per-page text extracted with MuPDF; page labels inserted. MuPDF warning: warning: ICC support is not available Course/policy table terms detected; verify layout, footnotes, and row associations against rendered pages."
DOC-018,RR 013045-2021-R (Pautas para el registro de Plan de Estudios),https://sum.unmsm.edu.pe/assets/RESOLUCIONES/013045-2021-R.pdf,https://sum.unmsm.edu.pe/directivas.htm,2026-09-29 (America/Lima),sources/originals/RR-013045-2021-R-pautas-registro-plan.pdf,PDF,248528,9f3e54baf9883dc920ce3df02fca3ccbda9cbfa399f46e050d748c05a37d3eb8,VALID_PDF_SIGNATURE,sources/extracted/RR-013045-2021-R-pautas-registro-plan.txt,1,NOT_INDICATED_BY_EMPTY_TEXT; VISUALLY_CHECK_SCANS,YES_MANUAL,"Per-page text extracted with MuPDF; page labels inserted. MuPDF warning: warning: ICC support is not available Course/policy table terms detected; verify layout, footnotes, and row associations against rendered pages."
DOC-052,RR 04005-R-16: regularización de matrícula,https://sum.unmsm.edu.pe/assets/RESOLUCIONES/04005-16t.pdf,https://sum.unmsm.edu.pe/resoluciones.htm,2026-09-29 (America/Lima),sources/originals/RR-04005-R-16-regularizacion-matricula.pdf,PDF,299007,b944504bc39067714566e117f3c9b06cb2cffb2b163b9fa556b79b606017d4c9,VALID_PDF_SIGNATURE,sources/extracted/RR-04005-R-16-regularizacion-matricula.txt,2,NOT_INDICATED_BY_EMPTY_TEXT; VISUALLY_CHECK_SCANS,YES_MANUAL,"Per-page text extracted with MuPDF; page labels inserted. MuPDF warning: warning: ICC support is not available Course/policy table terms detected; verify layout, footnotes, and row associations against rendered pages."
DOC-053,RR 0438-R-09: modificación a la reactualización de matrícula,https://sum.unmsm.edu.pe/assets/RESOLUCIONES/rr_0438.pdf,https://sum.unmsm.edu.pe/resoluciones.htm,2026-09-29 (America/Lima),sources/originals/RR-0438-R-09-reactualizacion.pdf,PDF,620161,362a4bf5e38a78cfd6cade3bd23bcd37b5191e5e91d1a1f97d7748e50ce19c02,VALID_PDF_SIGNATURE,sources/extracted/RR-0438-R-09-reactualizacion.txt,1,REQUIRED_PAGES_1,NO_TABLE_CUE_DETECTED,Per-page text extracted with MuPDF; page labels inserted. MuPDF warning: warning: ICC support is not available | one or more image-only/empty-text pages detected No text extracted on pages 1; OCR required.
DOC-054,RR 04626-R-06: Reglamento del Régimen de Estudio y Sistema de Evaluación de los Estudiantes de Pregrado,https://sum.unmsm.edu.pe/assets/RESOLUCIONES/rr_04626.pdf,https://sum.unmsm.edu.pe/resoluciones.htm,2026-09-29 (America/Lima),sources/originals/RR-04626-R-06-regimen-estudios-evaluacion.pdf,PDF,481621,0dfd50f45d9cae7586bb41ddfc1af11388917875f9c4b92796bf5508fd24ef76,VALID_PDF_SIGNATURE,sources/extracted/RR-04626-R-06-regimen-estudios-evaluacion.txt,2,"REQUIRED_PAGES_1,2",NO_TABLE_CUE_DETECTED,"Per-page text extracted with MuPDF; page labels inserted. MuPDF warning: warning: ICC support is not available | one or more image-only/empty-text pages detected No text extracted on pages 1,2; OCR required."
DOC-019,RR 2272-R-13 (aprueba directivas del SUM),https://sum.unmsm.edu.pe/assets/RESOLUCIONES/2272R13.pdf,https://sum.unmsm.edu.pe/directivas.htm,2026-09-29 (America/Lima),sources/originals/RR-2272-R-13-aprueba-directivas-SUM.pdf,PDF,1892232,45692b7e4fd81d3e7bfee3b6c5bb0d0e1ee668a5e0dd65997256ce40acbc9494,VALID_PDF_SIGNATURE,sources/extracted/RR-2272-R-13-aprueba-directivas-SUM.txt,2,"REQUIRED_PAGES_1,2",NO_TABLE_CUE_DETECTED,"Per-page text extracted with MuPDF; page labels inserted. MuPDF warning: warning: ICC support is not available | one or more image-only/empty-text pages detected No text extracted on pages 1,2; OCR required."
DOC-020,RR 2810-R-13 (aprueba directivas del SUM),https://sum.unmsm.edu.pe/assets/RESOLUCIONES/2810R13.pdf,https://sum.unmsm.edu.pe/directivas.htm,2026-09-29 (America/Lima),sources/originals/RR-2810-R-13-aprueba-directivas-SUM.pdf,PDF,1544932,120910d7bf08432d76da592d4fb319c3255ee1d2d319375f2a03c4d9302bf19c,VALID_PDF_SIGNATURE,sources/extracted/RR-2810-R-13-aprueba-directivas-SUM.txt,2,"REQUIRED_PAGES_1,2",NO_TABLE_CUE_DETECTED,"Per-page text extracted with MuPDF; page labels inserted. MuPDF warning: warning: ICC support is not available | one or more image-only/empty-text pages detected No text extracted on pages 1,2; OCR required."
DOC-086,Reglamento de Convalidación de Asignatura,https://viceacademico.unmsm.edu.pe/wp-content/uploads/2021/06/Reglamento-de-convalidaci%C3%B3n-de-asignatura.-RR-005516-R-21-del-4-de-junio-del-2021.pdf,https://viceacademico.unmsm.edu.pe/?page_id=8731,2026-09-29 (America/Lima),sources/originals/Reglamento-Convalidacion-2021.pdf,PDF,689242,2609fdbca84e3e01191d0c7401c96e61b16eab3b08b86f80a11e203844386755,VALID_PDF_SIGNATURE; CURL_TLS_CHAIN_NOT_VALIDATED (Playwright official source/link was separately verified),sources/extracted/Reglamento-Convalidacion-2021.txt,5,NOT_INDICATED_BY_EMPTY_TEXT; VISUALLY_CHECK_SCANS,YES_MANUAL,"Per-page text extracted with MuPDF; page labels inserted. MuPDF warning: warning: ICC support is not available Course/policy table terms detected; verify layout, footnotes, and row associations against rendered pages."
DOC-070,Estatuto Universitario (PDF),https://sum.unmsm.edu.pe/assets/Estatuto/estatuto.pdf,https://sum.unmsm.edu.pe/estatuto.htm,2026-09-29 (America/Lima),sources/originals/Reglamento-Estatuto-UNMSM.pdf,PDF,34253314,7256e6dd71e999c42f3a1871fbc74787d20788b1995c3674fd32633af7f78d9c,VALID_PDF_SIGNATURE,sources/extracted/Reglamento-Estatuto-UNMSM.txt,84,"REQUIRED_PAGES_1,2,3,4,5,6,7,8,9,10,11,12,13,14,15,16,17,18,19,20,21,22,23,24,25,26,27,28,29,30,31,32,33,34,35,36,37,38,39,40,41,42,43,44,45,46,47,48,49,50,51,52,53,54,55,56,57,58,59,60,61,62,63,64,65,66,67,68,69,70,71,72,73,74,75,76,77,78,79,80,81,82,83,84",NO_TABLE_CUE_DETECTED,"Per-page text extracted with MuPDF; page labels inserted. MuPDF warning: warning: ICC support is not available | one or more image-only/empty-text pages detected No text extracted on pages 1,2,3,4,5,6,7,8,9,10,11,12,13,14,15,16,17,18,19,20,21,22,23,24,25,26,27,28,29,30,31,32,33,34,35,36,37,38,39,40,41,42,43,44,45,46,47,48,49,50,51,52,53,54,55,56,57,58,59,60,61,62,63,64,65,66,67,68,69,70,71,72,73,74,75,76,77,78,79,80,81,82,83,84; OCR required."
DOC-117,Reglamento General de Evaluación del Aprendizaje de Estudiantes de Pregrado RR 007510-2021,https://medicina.unmsm.edu.pe/wp-content/uploads/2021/08/REGLAMENTO-GENERAL-DE-EVALUACION-DEL-APRENDIZAJE-DE-ESTUDIANTES-DE-PREGRADO-2-RR-N.o-007510-2021.pdf,https://www.gob.pe/institucion/unmsm/informes-publicaciones/8263174-reglamento-general-de-evaluacion-del-aprendizaje-de-estudiantes-de-pregrado,2026-09-29 (America/Lima),sources/originals/Reglamento-Evaluacion-Pregrado-RR-007510-2021.pdf,PDF,449007,392f7ffff354a913e2608f7b0814a9a17f6413680d54e569f04b10ed8004abe1,VALID_PDF_SIGNATURE,sources/extracted/Reglamento-Evaluacion-Pregrado-RR-007510-2021.txt,6,NOT_INDICATED_BY_EMPTY_TEXT; VISUALLY_CHECK_SCANS,YES_MANUAL,"Per-page text extracted with MuPDF; page labels inserted. MuPDF warning: warning: ICC support is not available Course/policy table terms detected; verify layout, footnotes, and row associations against rendered pages."
DOC-084,Reglamento General de Grados y Títulos (VRAP 2021),https://viceacademico.unmsm.edu.pe/wp-content/uploads/2021/12/Reglamento-General-de-Grados-y-T%C3%ADtulos.pdf,https://viceacademico.unmsm.edu.pe/?page_id=8731,2026-09-29 (America/Lima),sources/originals/Reglamento-Grados-Titulos-2021.pdf,PDF,2032653,ed69d42543a40a6004fc456dfd55e21d05031d5f0c9dcf56e9b781bf193fdf85,VALID_PDF_SIGNATURE; CURL_TLS_CHAIN_NOT_VALIDATED (Playwright official source/link was separately verified),sources/extracted/Reglamento-Grados-Titulos-2021.txt,10,"REQUIRED_PAGES_6,7,8,9,10",YES_MANUAL,"Per-page text extracted with MuPDF; page labels inserted. MuPDF warning: warning: ICC support is not available | one or more image-only/empty-text pages detected No text extracted on pages 6,7,8,9,10; OCR required. Course/policy table terms detected; verify layout, footnotes, and row associations against rendered pages."
DOC-083,Reglamento General de Grados y Títulos (VRAP 2022),https://viceacademico.unmsm.edu.pe/wp-content/uploads/2022/03/Reglamento-General-de-Grados-y-T%C3%ADtulos-UNMSM_.pdf,https://viceacademico.unmsm.edu.pe/?page_id=8731,2026-09-29 (America/Lima),sources/originals/Reglamento-Grados-Titulos-2022.pdf,PDF,572081,bc4ab88021ea489b9d1d03434f3e5d9af757b832f5a201412662b4520e1a2dfe,VALID_PDF_SIGNATURE; CURL_TLS_CHAIN_NOT_VALIDATED (Playwright official source/link was separately verified),sources/extracted/Reglamento-Grados-Titulos-2022.txt,11,"REQUIRED_PAGES_7,8,9,10,11",YES_MANUAL,"Per-page text extracted with MuPDF; page labels inserted. MuPDF warning: warning: ICC support is not available | one or more image-only/empty-text pages detected No text extracted on pages 7,8,9,10,11; OCR required. Course/policy table terms detected; verify layout, footnotes, and row associations against rendered pages."
DOC-002,Reglamento General de Matrícula para Pregrado (texto presentado por SUM en 2026),https://sum.unmsm.edu.pe/assets/ReglamentoCompleto/reglamento2026.pdf,https://sum.unmsm.edu.pe/reglamentomat.htm,2026-09-29 (America/Lima),sources/originals/Reglamento-Matricula-Pregrado-2026.pdf,PDF,1822512,efd3c43c2c181b567c4719a099751970f49d1b6bf94d6281ec9033beb4e7286f,VALID_PDF_SIGNATURE,sources/extracted/Reglamento-Matricula-Pregrado-2026.txt,18,NOT_INDICATED_BY_EMPTY_TEXT; VISUALLY_CHECK_SCANS,YES_MANUAL,"Per-page text extracted with MuPDF; page labels inserted. MuPDF warning: warning: ICC support is not available Course/policy table terms detected; verify layout, footnotes, and row associations against rendered pages."
DOC-079,Reglamento General de Matrícula (VRAP 2026),https://viceacademico.unmsm.edu.pe/wp-content/uploads/2026/02/Reglamento-General-de-Matr%C3%ADcula.pdf,https://viceacademico.unmsm.edu.pe/?page_id=8731,2026-09-29 (America/Lima),sources/originals/Reglamento-Matricula-Pregrado-VRAP-2026.pdf,PDF,1251120,5ae4047b8c1e8fd2c392826be6cb11d1ae24d20dda590c292d6daa1ada6a8800,VALID_PDF_SIGNATURE; CURL_TLS_CHAIN_NOT_VALIDATED (Playwright official source/link was separately verified),sources/extracted/Reglamento-Matricula-Pregrado-VRAP-2026.txt,20,NOT_INDICATED_BY_EMPTY_TEXT; VISUALLY_CHECK_SCANS,YES_MANUAL,"Per-page text extracted with MuPDF; page labels inserted. MuPDF warning: warning: ICC support is not available Course/policy table terms detected; verify layout, footnotes, and row associations against rendered pages."
