relationship_id,source_doc_id,source_document,target_doc_id_or_external_id,relationship_type,evidence_location,supporting_evidence,confidence,limitations
REL-001,DOC-005,RR 002642-2026-R,DOC-002,APPROVES,"RR operative clause 1; SUM page lists resolution and regulation text together","RR 002642-2026-R approves the undergraduate enrollment regulation (18-page annex).",HIGH,"Annex text is a separate content object; keep resolution and regulation linked, not merged."
REL-002,DOC-051,RR 07482-R-19,DOC-050,EXTENDS,"Operative clause 1","Extends the Programa de Acompañamiento a Estudiantes Observados through December 2020.",HIGH,"Historical extension only; not current eligibility."
REL-003,DOC-120,RR 000046-2026-R/UNMSM,EXTERNAL:RR-013181-2024-R,AMENDS,"Attachment p.2, operative clause 2","Modifies RR 013181-2024-R in the terms of the first operative clause, leaving the remainder in force.",HIGH,"Original RR 013181 PDF is not in local files; relation is explicitly named in signed attachment."
REL-004,DOC-120,RR 000046-2026-R/UNMSM,EXTERNAL:RD-000738-2025-D-FISI,AMENDS,"Gob.pe official record operative paragraph; attachment p.1 considers / p.2 operative clause 1","Gob.pe says RR ratifies RD 000738-2025 in the sense of modifying the 2018–2023 equivalency table; attachment cites the resolution and displays DICE/DEBE DECIR corrections.",HIGH,"Direct decanal PDF not retrieved locally."
REL-005,DOC-120,RR 000046-2026-R/UNMSM,EXTERNAL:RD-001281-2025-D-FISI,AMENDS,"Gob.pe official record operative paragraph; attachment p.1 considers / p.2 operative clause 1","Gob.pe says RR ratifies RD 001281-2025 in the sense of modifying the 2018–2023 equivalency table; attachment cites the resolution and displays DICE/DEBE DECIR corrections.",HIGH,"Direct decanal PDF not retrieved locally."
REL-006,DOC-120,RR 000046-2026-R/UNMSM,EXTERNAL:RD-000777-2024-D-FISI,AMENDS,"Gob.pe official record operative paragraph; attachment p.1 considers","RR ratifies 2025 decanal amendments to RD 000777-2024, which Gob.pe says was expanded by RD 001030-2024.",HIGH,"Indirect chain is explicit in official record; source decanal PDFs absent."
REL-007,DOC-120,RR 000046-2026-R/UNMSM,EXTERNAL:RD-001030-2024-D-FISI,EXTENDS,"Gob.pe official record operative paragraph; attachment p.1 considers","Gob.pe describes RD 000777-2024 as expanded by RD 001030-2024.",HIGH,"Term in source is 'ampliada'; do not infer other effects."
REL-008,DOC-120,RR 000046-2026-R/UNMSM,EXTERNAL:RR-013181-2024-R,AMENDS,"Attachment p.1 considerations and p.2 operative clauses 1–2","Attachment says RR 013181-2024 ratified RDs 000777/001030 and operative clause 2 modifies RR 013181-2024; page 2 contains replacement table text.",HIGH,"RR 013181-2024 is a predecessor in the table lineage and the explicit object modified by operative clause 2."
REL-009,DOC-120,"Equivalency table embedded in signed RR attachment",EXTERNAL:PLAN-2018-EP-INGENIERIA-DE-SISTEMAS,EQUIVALENCE_BETWEEN,"Attachment p.1 Visto; p.2 table headings and operative clause 1","Visto names the Professional School of Systems Engineering; p.2 has paired Plan 2018 / Plan 2023 tables under DICE and DEBE DECIR.",HIGH,"Rows are an amendment/replacement of listed equivalencies, not proof that all courses between plans are equivalent."
REL-010,DOC-118,"FISI Plan 2009 transition notice",EXTERNAL:CONSEJO-FACULTAD-VIRTUAL-17-SESION-ORDINARIA-12-2020-09-22,REPORTS_APPROVAL_BY,"Notice body paragraph 1 and bullets 1–3","Notice says the Faculty Council approved validity through 2021-II and cycle-specific routes.",MEDIUM,"The original council minutes/resolution are not linked or independently inspected; relationship describes the notice's report only."
REL-011,DOC-118,"FISI Plan 2009 transition notice",EXTERNAL:PLAN-2009-PLAN-2018-PLAN-2014,TRANSITION_RULE_FOR,"Notice bullets 1–3","Cycles 1–6 could convalidate to Plan 2018; cycles 7–8 to Plan 2014; cycles 9–10 could finish under Plan 2009.",HIGH,"No admission years, compulsory migration rule, return-after-interruption rule, or course table stated."
REL-012,DOC-079,"VRAP combined RR 002642-2026-R plus regulation PDF",DOC-005,MIRROR_OF,"VRAP PDF pp.1–2 compared with extracted DOC-005 pp.1–2","Normalized extracted text is identical (1.00000); whole-file hashes differ because DOC-079 contains an 18-page annex after the resolution.",HIGH,"Retain both source records and URLs; RR resolution remains a distinct logical document."
REL-013,DOC-079,"VRAP combined RR 002642-2026-R plus regulation PDF",DOC-002,MIRROR_OF,"VRAP PDF pp.3–20 compared with SUM regulation PDF pp.1–18","Normalized extracted regulation text is identical (1.00000); the 18-page annex is the same text in the combined VRAP package.",HIGH,"Whole source files are not byte-identical. Keep the SUM annex as one content copy with both verified URLs; preserve RR 002642 separately. Verify critical page renderings before final chunking."
REL-014,DOC-121,"RD 000163-2023-D-FISI",EXTERNAL:PROGRAMA-CURRICULAR-2023-EP-INGENIERIA-DE-SISTEMAS,APPROVES,"DOC-121 p.1 operative clause 1","Approves the 2023 curricular program for EP Ingeniería de Sistemas, with annexes stated as 96 folios.",HIGH,"Downloaded attachment is only 1 page; the 96-folio plan annex is absent and required for courses, credits, prerequisites and graduation content."
REL-015,DOC-120,"RR 000046-2026-R/UNMSM",DOC-121,AMENDS,"DOC-120 p.1 considerations and p.2 operative clauses 1–2; DOC-121 p.1 clause 1","RR 000046 says RR 013181-2024 ratified RDs 000777/001030 modifying RD 000163-2023's Plan 2018→2023 equivalency table; p.2 supplies DICE/DEBE DECIR replacements.",HIGH,"Amendment is to specific equivalency-table entries; it does not replace the complete 96-folio program."
REL-016,DOC-122,"RD 000609-2022-D-FISI",EXTERNAL:PLAN-2014-EP-INGENIERIA-DE-SISTEMAS / EXTERNAL:PLAN-2018-EP-INGENIERIA-DE-SISTEMAS,EQUIVALENCE_BETWEEN,"DOC-122 p.1 operative clause 1; annex cited as 5 folios","Approves a table of equivalencies from Systems Engineering Plan 2014 to Plan 2018.",HIGH,"The downloaded PDF contains only the 1-page resolution; the five-folio equivalency table is missing, so no course equivalence can be answered."
REL-017,DOC-122,"RD 000609-2022-D-FISI",EXTERNAL:RR-02137-R-15,REFERENCES_APPROVAL_OF,"DOC-122 p.1 consideration","States RR 02137-R-15 (2015-05-07) approved Plan 2014 in via de regularización.",HIGH,"Underlying RR and plan file not acquired."
REL-018,DOC-122,"RD 000609-2022-D-FISI",EXTERNAL:RR-07026-R-17,REFERENCES_APPROVAL_OF,"DOC-122 p.1 consideration","States RR 07026-R-17 (2017-11-17) approved Systems Engineering Plan 2018.",HIGH,"Underlying RR and plan file not acquired."
REL-019,DOC-122,"RD 000609-2022-D-FISI",EXTERNAL:RR-06615-R-18,REFERENCES_AMENDMENT_OF,"DOC-122 p.1 consideration","States RR 06615-R-18 (2018-10-23) modified Plan 2018.",HIGH,"Underlying RR and revised plan text not acquired."
REL-020,DOC-122,"RD 000609-2022-D-FISI",EXTERNAL:RR-01529-R-19,REFERENCES_AMENDMENT_OF,"DOC-122 p.1 consideration","States RR 01529-R-19 (2019-03-27) modified Plan 2018.",HIGH,"Underlying RR and revised plan text not acquired."
REL-021,DOC-130,"Acta CF Virtual 17, ordinary session 12 (2020-09-22)",EXTERNAL:PLAN-2009-END-2021-II,APPROVES_TRANSITION_DATE,"DOC-130 pp.2–5; especially p.5 lines 299–340 in page-labelled extraction","Council rejected immediate closure (8 no, 1 abstention) and accepted 8–1 a motion to leave Plan 2009 without effect from 2022-I; this supports study under the plan through 2021-II.",HIGH,"Acta minutes record the vote; obtain RR 00721-R-20 and RD 000510-D-FISI-19 for the formal rectoral/decanal instruments. Do not derive cycle-group equivalencies from this vote."
REL-022,DOC-130,"Acta CF Virtual 17, ordinary session 12 (2020-09-22)",EXTERNAL:RR-00698-R-20 / EXTERNAL:TABLE-PLAN-2009-PLAN-2014,CITES_EXISTING_EQUIVALENCY,"DOC-130 p.2 lines 114–119","The minutes say RR 00698-R-20 (18 Feb 2020) approved a Plan 2009–2014 course-equivalency table.",MEDIUM,"Only a citation in the minutes is available; RR 00698 and its table were not retrieved."
REL-023,DOC-118,"FISI Plan 2009 transition notice",DOC-130,SUPPORTED_BY,"DOC-118 body; DOC-130 pp.1–5","Notice cites the exact Council session/date. Minutes confirm the 2021-II cutoff via a motion closing Plan 2009 from 2022-I.",HIGH,"Minutes do not confirm the notice's cycle 1–6→2018 / 7–8→2014 / 9–10 finish-under-2009 routes. Those remain notice-reported, not independently supported by the minutes."
REL-024,DOC-128,"Acta CF Virtual 23, ordinary session 13 (2021-07-20)",EXTERNAL:TABLE-PLAN-2009-PLAN-2018,REQUESTS_COUNCIL_REVIEW,"DOC-128 p.4, heading III PEDIDOS, lines 265–269","EP Systems director requested an extraordinary Faculty Council to consider the 2009→2018 equivalency table because the 2009 plan would end at 2021-II.",HIGH,"Request is not approval. Minutes contain attendee names; only relevant redacted excerpts should enter RAG."
REL-025,DOC-129,"Acta CF Virtual 24, ordinary session 14 (2021-07-27)",EXTERNAL:PLAN-2009-PLAN-2018-PLAN-2014 / EXTERNAL:TABLE-PLAN-2009-PLAN-2018,PENDING_APPROVAL,"DOC-129 pp.2–3, agenda items 1–2 and closing status","Minutes describe the cycle-group migration proposal and 2009→2018 table; the minutes state both items remained pending approval.",HIGH,"Not an operative migration instrument. It prevents treating that meeting's proposal as an approved table."
REL-026,DOC-126,"RR 014041-2024-R and attached language directive",EXTERNAL:DIRECTIVA-IDIOMA-EXTRANJERO-UNMSM,APPROVES,"DOC-126 pp.1–2 operative clause 1; annex pp.3–9","RR 014041-2024-R approves the seven-folio foreign-language accreditation directive.",HIGH,"Directive Article 3 limits scope to students who began studies from the effective Law 30220 period; cohort start is relevant."
REL-027,DOC-127,"RR 00744-R-20 and attached research-work directive",EXTERNAL:DIRECTIVA-GENERAL-TRABAJO-INVESTIGACION-TESIS-SUFICIENCIA,APPROVES,"DOC-127 pp.1–2 operative clause 1","RR 00744-R-20 approves a 16-folio directive for bachelor research work, thesis and professional-sufficiency work; page 1 states intended scope for entrants from 2016 or incorporated into those plans.",HIGH,"Annex pages 3–18 are image-only and require OCR/manual review before requirements can be quoted."
