action,target_doc_id,title_or_update,document_identifier,exact_url,discovery_page,school_or_scope,academic_level,academic_period_or_effective_date,cohort_plan_restriction,document_role,clause_page_evidence,verification_date,status_or_gap
UPDATE,DOC-005,Add operative scope/effective/repeal fields,RR 002642-2026-R/UNMSM,https://sum.unmsm.edu.pe/assets/ReglamentoCompleto/RR-002642.pdf,https://sum.unmsm.edu.pe/reglamentomat.htm,UNMSM-wide,UNDERGRADUATE,Issued 2026-02-25; effective 2026-02-26,All pregrado per annex Art.3; no plan restriction stated,APPROVING_RESOLUTION,"p.2 clauses 1–3: approves annex; effective day after date; clause 2 disapplies contrary administrative/normative provisions; clause 3 implementation agencies",2026-09-29,"Do not label entire RR006376-2023/RR002891-2025 instruments repealed without clause comparison"
UPDATE,DOC-002,Add Art.1–3 scope and transition/procedure crosswalk,Reglamento General de Matrícula para Pregrado (18 folios),https://sum.unmsm.edu.pe/assets/ReglamentoCompleto/reglamento2026.pdf,https://sum.unmsm.edu.pe/reglamentomat.htm,UNMSM-wide,UNDERGRADUATE,Effective 2026-02-26,All pregrado per Art.3; Art.31 current school-plan placement on reactivation,ANNEX_REGULATION,"p.1 Arts.1–3; p.5 Art.13(h–k): reservation, reactivation, abandonment, separation; p.13 Arts.26–33: rectification, current-plan placement, reactivation grounds and dean-to-SUM procedure; p.14 transitional and p.15 final clauses; p.16 Annex 01 ad hoc exam",2026-09-29,"Compare Art.13(h) three-consecutive-year reservation with Ley 30220 Art.100.11 consecutive-or-alternate years; reconcile Art.31 with legacy FISI plan transitions"
ADD,,Enrollment predecessor and amendment relationship,RR 006376-2023-R and RR 002891-2025-R,https://cdn.www.gob.pe/institucion/unmsm/normas-legales/8534917/7072215-rr-n-006376-2023-reglamento-general-de-matricula-pregrado-2023.pdf; https://cdn.www.gob.pe/institucion/unmsm/normas-legales/7756592/6554758-resolucion-rectoral-002891-2025-r.pdf,https://sum.unmsm.edu.pe/assets/ReglamentoCompleto/RR-002642.pdf,UNMSM-wide,UNDERGRADUATE,Predecessor chain; 2023 base modified 2025,UNKNOWN,BASE_AND_AMENDMENT,"RR002642-2026 recital: cites RR006376-2023-R modified by RR002891-2025-R",2026-09-29,"Existing DOC114/DOC115; update relationships and preserve for historical period"
UPDATE,DOC-007;DOC-008,Separate student and faculty/SUM deadlines; period tag,2026 academic calendar RR 014408-2025-R + annex,https://sum.unmsm.edu.pe/assets/cronograma/RR-014408-2025-R.pdf; https://sum.unmsm.edu.pe/assets/cronograma/ANEXO_RR-014408-2025-R.pdf,https://sum.unmsm.edu.pe/pregrado.htm,UNMSM-wide,UNDERGRADUATE,2026-II,"Calendar period, not cohort or plan",ACADEMIC_CALENDAR,"SUM page 2026-II rows: reactualization/reservation dean-resolution to SUM by 2026-08-03; enrollment 2026-08-10–14; standard rectification/late 2026-09-07–11; special Faculty-Council case 2026-10-19–23; footnote explicitly says 3 Aug is SUM receipt deadline and faculty sets earlier student deadline",2026-09-29,"Ordinary window elapsed at review date; Oct special window forthcoming; student filing date UNKNOWN"
UPDATE,DOC-099,Set period and implementation-only role; date UNKNOWN,FISI first 2026-II rectification/late-registration notice,https://sistemas.unmsm.edu.pe/site/noticias/35-importante/1841-1er-proceso-de-rectificacion-de-matricula-y-matricula-extemporanea-2026-ii,https://sistemas.unmsm.edu.pe/site/noticias/35-importante/1841-1er-proceso-de-rectificacion-de-matricula-y-matricula-extemporanea-2026-ii,FISI,UNDERGRADUATE,2026-II,UNKNOWN,FACULTY_IMPLEMENTATION_NOTICE,"Body announces first process; links late-enrollment request DOCX, rectification request DOCX and process image; no date in body",2026-09-29,"Do not populate an application window from university calendar; the notice page itself contains no window"
UPDATE,DOC-029;DOC-030;DOC-035;DOC-036,Keep SUM directives as unverified procedure candidates,Directiva 005 reactualización; 006 rectificación; 009 reserva; 010 extemporánea,https://sum.unmsm.edu.pe/assets/DIRECTIVAS/Directiva005.pdf; https://sum.unmsm.edu.pe/assets/DIRECTIVAS/Directiva006.pdf; https://sum.unmsm.edu.pe/assets/DIRECTIVAS/Directiva009.pdf; https://sum.unmsm.edu.pe/assets/DIRECTIVAS/Directiva10.pdf,https://sum.unmsm.edu.pe/directivas.htm,UNMSM-wide workflow,UNDERGRADUATE,UNKNOWN,UNKNOWN,SUM_PROCEDURE_DIRECTIVES,"SUM page lists titles under Directivas 5,6,9,10; index separately lists RR013045-2021-R, RR2272-R-13 and RR2810-R-13 as directive approvals but does not map approval RR per directive",2026-09-29,"Clause-level content and current status UNKNOWN; compare to RR002642-2026 and current calendar"
ADD,,Official approval record for learning-evaluation regulation,RR 007510-2021-R/UNMSM,https://www.gob.pe/institucion/unmsm/normas-legales/2029138-007510,https://html.duckduckgo.com/html/?q=site%3Agob.pe%2Finstitucion%2Funmsm+%22Reglamento+General+de+Evaluaci%C3%B3n+del+Aprendizaje%22+pregrado+RR+007510-2021,UNMSM-wide,UNDERGRADUATE,2021,Study plans 2019 and earlier per annex Art.1,APPROVING_RESOLUTION,"Official Gob.pe record says approves six-folio annex; Art.1 scope text appears in official-hosted annex search snippet and faculty-hosted copy",2026-09-29,"Existing DOC117 is a faculty-hosted PDF mirror; add official resolution record and update plan restriction"
UPDATE,DOC-054;DOC-117,Do not merge distinct evaluation instruments; record scope conflict,RR 04626-R-06 and RR 007510-2021-R,https://sum.unmsm.edu.pe/assets/RESOLUCIONES/rr_04626.pdf; https://medicina.unmsm.edu.pe/wp-content/uploads/2021/08/REGLAMENTO-GENERAL-DE-EVALUACION-DEL-APRENDIZAJE-DE-ESTUDIANTES-DE-PREGRADO-2-RR-N.o-007510-2021.pdf,https://sum.unmsm.edu.pe/resoluciones.htm; https://www.gob.pe/institucion/unmsm/normas-legales/2029138-007510,UNMSM-wide,UNDERGRADUATE,2006 / 2021,RR007510 Art.1 says study plans 2019 and earlier,RELATED_BUT_UNRESOLVED,"RR007510 annex Art.1 scope; RR04626 current validity/repeal clause UNKNOWN",2026-09-29,"Keep both historical/current candidates pending full clause comparison; no assumption based on filename/title"
UPDATE,DOC-052,Add statutory academic-standing cross-reference and conflict tag,RR 04005-R-16,https://sum.unmsm.edu.pe/assets/RESOLUCIONES/04005-16t.pdf,https://sum.unmsm.edu.pe/resoluciones.htm,UNMSM-wide,UNDERGRADUATE,2016,UNKNOWN,ACADEMIC_STANDING_RESOLUTION,"Indexed official PDF excerpt cites Statute RR03013-R-16 Art.189 on same-course second/third failure; compare to Ley 30220 Art.102 and current 2026 enrollment clauses",2026-09-29,"Full text and current effect UNKNOWN; preserve for records from affected cohorts"
ADD,,Current official UNMSM law collection page and amended-law bundle,Ley Universitaria 30220 and amendments through Ley 32418,https://www.gob.pe/institucion/unmsm/informes-publicaciones/2128326-ley-universitaria-n-30220-y-modificaciones,https://html.duckduckgo.com/html/?q=UNMSM+Ley+Universitaria+art%C3%ADculo+45+bachiller+idioma+extranjero+disposici%C3%B3n+transitoria+2023,UNMSM-wide,ALL_LEVELS,Collection record updated 2025-08-13; original law published 2014-07-09,UNKNOWN,PRIMARY_LEGAL_SOURCE_LOCATOR,"Gob.pe page lists consolidated law plus amendments Leyes 30489,30697,31183,31359,31455,31520,31542,31803,31964,32051,32105,32141,32418",2026-09-29,"Inspect each amendment relevance and current Art.45.1/102; don't apply every listed law to student requirements"
ADD,,Official General Degrees and Titles compendium page,Reglamento General de Grados y Títulos,https://www.gob.pe/institucion/unmsm/informes-publicaciones/8490307-reglamento-general-de-grados-y-titulos-de-la-universidad-nacional-mayor-de-san-marcos,https://html.duckduckgo.com/html/?q=site%3Agob.pe%2Funmsm+%22Reglamento+General+de+Grados+y+T%C3%ADtulos%22+2022,UNMSM-wide,UNDERGRADUATE,Compendium date 2026-08-18,UNKNOWN,BASE_AND_AMENDMENT_INDEX,"Page lists RR 001827-2017 base; RR 004503-2021; RR 003078-2022; and separately RR 001273-2023 revalidation",2026-09-29,"Use source page and separate document rows; RR 001273-2023 is not an RGT amendment"
ADD,,RR 001827-2017-R base degree regulation,RR 001827-2017-R/UNMSM,https://cdn.www.gob.pe/uploads/document/file/10468610/8490307-resolucion-rectoral-n-001827-2017-r-unmsm-reglamento-general-de-grados-y-titulos-de-la-universidad-nacional-mayor-de-san-marcos.pdf?v=1787063399,https://www.gob.pe/institucion/unmsm/informes-publicaciones/8490307-reglamento-general-de-grados-y-titulos-de-la-universidad-nacional-mayor-de-san-marcos,UNMSM-wide,UNDERGRADUATE,2017,UNKNOWN,BASE_REGULATION,"Compendium file anchor labels approval of Reglamento General de Grados y Títulos; operative requirements not fully transcribed",2026-09-29,"Check later amendments and exact current eligibility before marking current"
ADD,,RR 004503-2021-R amendment to degree regulation,RR 004503-2021-R/UNMSM,https://cdn.www.gob.pe/uploads/document/file/10468611/8490307-resolucion-rectoral-n-004503-2021-r-unmsm-modificar-el-reglamento-general-de-grados-y-titulos-de-la-universidad-nacional-mayor-de-san-marcos-aprobado-por-la-resolucion-rectoral-n-01827-r-17.pdf?v=1787063399,https://www.gob.pe/institucion/unmsm/informes-publicaciones/8490307-reglamento-general-de-grados-y-titulos-de-la-universidad-nacional-mayor-de-san-marcos,UNMSM-wide,UNDERGRADUATE,2021,UNKNOWN,AMENDMENT,"Gob.pe compendium labels as modification to RR01827-R-17; exact amended clauses need full text review",2026-09-29,"Preserve as separate amendment"
ADD,,RR 003078-2022-R amendment and transition,RR 003078-2022-R/UNMSM,https://cdn.www.gob.pe/uploads/document/file/10468614/8490307-resolucion-rectoral-n-003078-2022-r-unmsm-modificar-el-reglamento-general-de-grados-y-titulos-de-la-universidad-nacional-mayor-de-san-marcos.pdf?v=1787063422,https://www.gob.pe/institucion/unmsm/informes-publicaciones/8490307-reglamento-general-de-grados-y-titulos-de-la-universidad-nacional-mayor-de-san-marcos,UNMSM-wide,UNDERGRADUATE,2022,Academic years 2020–2023 inclusive,AMENDMENT_AND_TEMPORARY_TRANSITION,"Screenshot p.1 operative numeral 1 changes second transitional provision from 2020–2021 to years 2020, 2021, 2022 and 2023 including 2023-II for automatic bachelor",2026-09-29,"Read full eligible-population wording and relation to laws 31359/31803"
ADD,,RR 001273-2023-R revalidation instrument,RR 001273-2023-R/UNMSM,https://cdn.www.gob.pe/uploads/document/file/10468612/8490307-resolucion-rectoral-n-001273-2023-r-unmsm-reglamento-de-revalidacion-de-grados-y-titulos-de-la-universidad-nacional-mayor-de-san-marcos.pdf?v=1787063421,https://www.gob.pe/institucion/unmsm/informes-publicaciones/8490307-reglamento-general-de-grados-y-titulos-de-la-universidad-nacional-mayor-de-san-marcos,UNMSM-wide,ALL_LEVELS,2023,Recognition/revalidation population; detailed scope UNKNOWN,SEPARATE_REVALIDATION_REGULATION,"Gob.pe compendium separately labels Reglamento de Revalidación de Grados y Títulos",2026-09-29,"Separate row/family, not an amendment to domestic undergraduate degree requirements"
ADD,,RR 014348-2024 tutoring regulation,Reglamento General del Sistema de Tutoría para estudiantes de pregrado,https://www.gob.pe/institucion/unmsm/informes-publicaciones/8264284-reglamento-general-del-sistema-de-tutoria-para-estudiantes-de-pregrado-de-la-unmsm,https://html.duckduckgo.com/html/?q=site%3Agob.pe%2Finstitucion%2Funmsm+reglamento+pr%C3%A1cticas+preprofesionales+estudiantes+UNMSM,UNMSM-wide,UNDERGRADUATE,RR014348-2024; publication date UNKNOWN,Pregrado per title,STUDENT_SERVICE_REGULATION,"Official Gob.pe listing says RR014348-2024 approves seven-folio annex; 2026 enrollment annex Art.2 cites the regulation",2026-09-29,"Detailed eligibility/service clauses UNKNOWN pending annex review"
UPDATE,DOC-085;DOC-092,Link student services to approval instrument where available,Tutoring / university mental-health regulation,https://viceacademico.unmsm.edu.pe/wp-content/uploads/2024/12/Reglamento-General-del-Sistema-de-Tutor%C3%ADa-para-Estudiantes-de-Pregrado-UNMSM.pdf; https://viceacademico.unmsm.edu.pe/wp-content/uploads/2022/12/Reglamento-de-Salud-Mental-Universitario.pdf,https://www.gob.pe/institucion/unmsm/informes-publicaciones/8264284-reglamento-general-del-sistema-de-tutoria-para-estudiantes-de-pregrado-de-la-unmsm; https://viceacademico.unmsm.edu.pe/?page_id=8731,UNMSM-wide,UNDERGRADUATE,2024 tutoring / 2022 upload,UNKNOWN,STUDENT_SERVICES,"Tutoring approval is RR014348-2024, cited in enrollment annex Art.2; mental-health RR/annex clauses UNKNOWN",2026-09-29,"Keep services distinct; upload date does not prove mental-health instrument status"
SOURCE_GAP,,FISI-applicable internship/prácticas regime,UNKNOWN,UNKNOWN,https://sistemas.unmsm.edu.pe/site/; https://www.gob.pe/institucion/unmsm/colecciones/96862-reglamentos-unmsm,FISI; programs/cohorts UNKNOWN,UNDERGRADUATE,UNKNOWN,UNKNOWN,SOURCE_GAP,"Search surfaced other-faculty practice regulations but no FISI-wide instrument in this pass",2026-09-29,"Do not copy another faculty's internship rule into FISI materials"
UPDATE,DOC-031;DOC-033;DOC-086;DOC-087,"Separate internal convalidation, internal equivalency and foreign recognition",RR005516-2021; RR004915-2025; SUM Directivas 007 and 008,https://viceacademico.unmsm.edu.pe/wp-content/uploads/2021/06/Reglamento-de-convalidaci%C3%B3n-de-asignatura.-RR-005516-R-21-del-4-de-junio-del-2021.pdf; https://viceacademico.unmsm.edu.pe/wp-content/uploads/2025/07/004915-2025-REGLAMENTO-DE-CONVALIDACI%C3%93N-O-RECONOCIMIENTO-DE-ASIGNATURAS-LLEVADAS-EN-UNIVERSIDADES-EXTRANJERAS.pdf; https://sum.unmsm.edu.pe/assets/DIRECTIVAS/Directiva007.pdf; https://sum.unmsm.edu.pe/assets/DIRECTIVAS/Directiva008.pdf,https://sum.unmsm.edu.pe/directivas.htm; https://viceacademico.unmsm.edu.pe/?page_id=8731,UNMSM-wide,LEVEL_UNKNOWN,2021 / 2025 / directive period UNKNOWN,UNKNOWN,RELATED_PROCEDURES,"2026 enrollment annex Art.2 cites RR005516-2021; SUM index labels Directiva007 convalidación and Directiva008 equivalency; DOC087 title limits its topic to foreign-university studies",2026-09-29,"Read full scopes and conflict clauses before assigning a precedence or merger"
SOURCE_GAP,,FISI student-facing reactualization/reservation deadline 2026-II,UNKNOWN,UNKNOWN,https://sistemas.unmsm.edu.pe/site/noticias/35-importante/1841-1er-proceso-de-rectificacion-de-matricula-y-matricula-extemporanea-2026-ii; https://sum.unmsm.edu.pe/pregrado.htm,FISI,UNDERGRADUATE,2026-II,UNKNOWN,DEADLINE_GAP,"SUM calendar footnote says faculty sets earlier student deadline; FISI notice body announces process without date",2026-09-29,"Keep 2026-08-03 tagged faculty-resolution-to-SUM, not student application deadline"
ADD,,Current consolidated Law 30220 operative student rules Arts.99–103,Ley Universitaria 30220 as amended through Law 32418,https://cdn.www.gob.pe/uploads/document/file/8482805/2128326-ley-n-30220-ley-universitaria-actualizada.pdf?v=1755096354,https://www.gob.pe/institucion/unmsm/informes-publicaciones/2128326-ley-universitaria-n-30220-y-modificaciones,UNMSM-wide,ALL_LEVELS,Consolidated record updated 2025-08-13,Art.99.8;100.11;102,PRIMARY_LAW_TEXT,"PDF pp.52–53: Art.99.8 12-credit minimum except students with fewer remaining; Art.100.11 reservation for work/other duly supported reason, maximum three consecutive or alternate years; Art.102 third failure → one-year separation; return limited to failed subject; fourth failure definitive withdrawal; final paragraph permits Statute to define automatic definitive separation on third failure",2026-09-29,"Compare Statute Art.189 and current enrollment provisions; transition and application details unresolved"
UPDATE,DOC-083;DOC-084,Add current legal Article 45 and transition evidence,Law 30220 Art.45 as amended by Law 31803; RR001827-2017/RR004503-2021/RR003078-2022,https://cdn.www.gob.pe/uploads/document/file/8482805/2128326-ley-n-30220-ley-universitaria-actualizada.pdf?v=1755096354; https://viceacademico.unmsm.edu.pe/wp-content/uploads/2022/03/Reglamento-General-de-Grados-y-T%C3%ADtulos-UNMSM_.pdf,https://www.gob.pe/institucion/unmsm/informes-publicaciones/2128326-ley-universitaria-n-30220-y-modificaciones; https://www.gob.pe/institucion/unmsm/informes-publicaciones/8490307-reglamento-general-de-grados-y-titulos-de-la-universidad-nacional-mayor-de-san-marcos,UNMSM-wide,UNDERGRADUATE; postgraduate minimums also in Art.45,"Current law amended by Ley31803; RGT chain 2017/2021/2022",UNKNOWN; transitional completion groups/dates are in supporting clause note,BASE_AND_AMENDMENTS,"Law PDF pp.26–28: Art.45.1 bachelor studies + foreign language (preferably English) or native; research course in final semester after Ley31803; Art.45.2 title=bachelor plus thesis/professional sufficiency; Art.45.4 master 2 semesters/48 credits/language; Art.45.5 doctorate 6 semesters/64 credits/thesis/two languages (one native possible); p.27 transitional research-work exception by academic-completion period",2026-09-29,"Keep RR003078-2022 end 2023-II distinct from later statutory transition text; language waiver not established by research exemption"
ADD,,National preprofessional-practice legal framework,Ley 28518 – Ley sobre Modalidades Formativas Laborales,https://www.leyes.congreso.gob.pe/Documentos/Leyes/28518.pdf,https://html.duckduckgo.com/html/?q=site%3Agob.pe+Ley+28518+Modalidades+Formativas+Laborales+texto+oficial+pr%C3%A1cticas+preprofesionales,Peru-wide labor/training modality,UNDERGRADUATE_STUDENT_PRACTICES,2005; current amendments UNKNOWN,Students in preprofessional modality; FISI academic cohort rules UNKNOWN,NATIONAL_LABOR_FRAMEWORK,"Official Congress legislative archive lists Law 28518; current amendments and article-level rule not reviewed",2026-09-29,"Not a FISI academic-credit or graduation-requirement document"
ADD,,Regulation of Law 28518,D.S. 007-2005-TR,https://www2.congreso.gob.pe/sicr/cendocbib/con4_uibd.nsf/FEA9F151ACA85F2205257DD3004FE381/$FILE/DS_007_2005_TR.pdf,https://html.duckduckgo.com/html/?q=site%3Agob.pe+Ley+28518+Modalidades+Formativas+Laborales+texto+oficial+pr%C3%A1cticas+preprofesionales,Peru-wide labor/training modality,UNDERGRADUATE_STUDENT_PRACTICES,2005; current amendments UNKNOWN,Students in preprofessional modality; FISI academic cohort rules UNKNOWN,IMPLEMENTING_REGULATION,"Congress library PDF link discovered; clauses and amendment chain not inspected",2026-09-29,"Separate from FISI curriculum/practice rules"
ADD,,MTPE official explanation of training modalities,Modalidades Formativas Laborales,https://www2.trabajo.gob.pe/el-ministerio-2/sector-empleo/dir-gen-form-cap-lab/modalidades-formativas-laborales/,https://html.duckduckgo.com/html/?q=site%3Agob.pe+Ley+28518+Modalidades+Formativas+Laborales+texto+oficial+pr%C3%A1cticas+preprofesionales,Peru-wide labour authority guidance,UNDERGRADUATE_STUDENT_PRACTICES,Page says updated 2012-08-15,Student preprofessional agreement rather than FISI curricular cohort,OFFICIAL_GUIDANCE,"Page defines preprofessional practice for a student and states maximum 6 hours/day or 30 hours/week; definitions/limits are guidance, not FISI academic plan",2026-09-29,"Verify current legal amendments; not a substitute for statutory/regulatory clauses"
